text,category,urgency
Пользователь не может войти в учетную запись из-за сброса пароля,Сбой приложения,Низкий
Отказ жесткого диска на файловом сервере,Аппаратный сбой,Высокий
Обнаружен криптолокер на рабочей станции бухгалтерии,Нарушение безопасности,Высокий
Зависла система электронного документооборота,Сбой приложения,Средний
Пропал интернет в одном из удаленных офисов,Потеря связи,Средний
Замедлена работа CRM-системы в часы пик,Ухудшение сервиса,Средний
Сбой в работе системы резервного копирования,Сбой приложения,Высокий
Перегрев и автоматическое отключение сервера виртуализации,Аппаратный сбой,Высокий
Не печатает сетевой принтер в общем отделе,Сбой приложения,Низкий
Обрыв магистрального интернет-канала провайдера,Потеря связи,Высокий
DDoS-атака на веб-портал компании,Нарушение безопасности,Высокий
Потеря пакетов данных в беспроводной сети,Ухудшение сервиса,Низкий
Сбой в работе IP-телефонии,Сбой приложения,Средний
Выход из строя блока питания маршрутизатора,Аппаратный сбой,Средний
Утечка данных клиентов через уязвимость в веб-форме,Нарушение безопасности,Высокий
Не обновляется антивирусное ПО на 30% рабочих станций,Ухудшение сервиса,Средний
Полный отказ системы электронной почты,Сбой приложения,Высокий
Замыкание в коммутаторе этажа,Аппаратный сбой,Средний
Не работает система видеонаблюдения на проходной,Сбой приложения,Средний
Фишинговая рассылка по корпоративной почте,Нарушение безопасности,Средний
Высокая загрузка ЦП на основном сервере БД,Ухудшение сервиса,Высокий
Несанкционированное изменение конфигурации межсетевого экрана,Нарушение безопасности,Высокий
Отказ системы контроля доступа (СКУД),Сбой приложения,Средний
Потеря связи с облачным хранилищем,Потеря связи,Средний
Зависание компьютера кассира при проведении платежа,Сбой приложения,Высокий
Выход из строя системы охлаждения в серверной,Аппаратный сбой,Высокий
Утерян корпоративный мобильный телефон с почтой,Нарушение безопасности,Средний
Медленная загрузка страниц интранет-портала,Ухудшение сервиса,Низкий
Сбой в работе службы каталогов (Active Directory),Сбой приложения,Высокий
Физическое повреждение кабеля ЛВС в коридоре,Аппаратный сбой,Низкий
Не работает кнопка "Заказать звонок" на сайте,Сбой приложения,Низкий
Обнаружено шпионское ПО на ПК менеджера по продажам,Нарушение безопасности,Средний
Перегружен канал связи с филиалом,Ухудшение сервиса,Средний
Сбой в работе системы складского учета,Сбой приложения,Высокий
Отказ дискового массива (RAID),Аппаратный сбой,Высокий
Подозрительная сетевая активность с рабочей станции,Нарушение безопасности,Высокий
Не отправляются автоматические E-mail уведомления,Сбой приложения,Средний
Не работает факсимильная связь,Сбой приложения,Низкий
Скачок напряжения повредил ИБП,Аппаратный сбой,Средний
Утечка паролей сотрудников в открытый доступ,Нарушение безопасности,Высокий
Задержки в отображении реальных данных в отчетной системе,Ухудшение сервиса,Средний
Не работает система онлайн-записи на прием,Сбой приложения,Средний
Поломка проектора в переговорной комнате,Аппаратный сбой,Низкий
Блокировка учетных записей пользователей из-за подбора паролей,Нарушение безопасности,Средний
Периодические разрывы VPN-соединения для удаленных работников,Потеря связи,Средний
Сбой в работе системы управления проектами,Сбой приложения,Низкий
Заполнено дисковое пространство на почтовом сервере,Ухудшение сервиса,Высокий
Выход из строя кассового аппарата интегрированного с системой,Аппаратный сбой,Высокий
Несанкционированная установка ПО на сервер,Нарушение безопасности,Высокий
Не обновляется контент на главной странице сайта,Сбой приложения,Низкий
Отказ системы аварийного питания,Аппаратный сбой,Высокий
Перехват трафика в публичной Wi-Fi сети офиса,Нарушение безопасности,Средний
Сильная фрагментация базы данных ведущая к торможениям,Ухудшение сервиса,Средний
Не работает мобильное приложение для сотрудников,Сбой приложения,Средний
Обрыв оптоволоконной линии связи,Потеря связи,Высокий
Сбой в работе системы бухгалтерского учета,Сбой приложения,Высокий
Перегрев и троттлинг процессоров на сервере,Аппаратный сбой,Высокий
Компрометация учетной записи привилегированного пользователя,Нарушение безопасности,Высокий
Не работает голосовой помощник на сайте,Сбой приложения,Низкий
Высокий пинг в играх на корпоративной сети (мешает работе),Ухудшение сервиса,Низкий
Сбой в работе системы проведения вебинаров,Сбой приложения,Средний
Выход из строя точки доступа Wi-Fi в холле,Аппаратный сбой,Низкий
Рекламное ПО (adware) в браузерах сотрудников,Нарушение безопасности,Низкий
Потеря сетевого соединения с системой видеоконференцсвязи,Потеря связи,Средний
Ошибка 500 на корпоративном портале при загрузке документа,Сбой приложения,Средний
Отказ вентилятора в сервере,Аппаратный сбой,Средний
Поддельный корпоративный сайт (фейк),Нарушение безопасности,Высокий
Несинхронизированность времени на серверах,Ухудшение сервиса,Средний
Не работает калькулятор на сайте,Сбой приложения,Низкий
Затопление серверной комнаты из-за протечки кондиционера,Аппаратный сбой,Высокий
Неавторизованный доступ к облачной БД из-за утечки ключей,Нарушение безопасности,Высокий
Очень медленная работа с удаленным рабочим столом,Ухудшение сервиса,Средний
Сбой в работе чат-бота технической поддержки,Сбой приложения,Низкий
Поломка коммутатора в цехе производства,Аппаратный сбой,Высокий
Атака типа "человек посередине" (MitM) в локальной сети,Нарушение безопасности,Высокий
Не загружаются графические элементы в веб-приложении,Ухудшение сервиса,Низкий
Сбой в системе управления персоналом (не работает расчет зарплат),Сбой приложения,Высокий
Выход из строя СХД (системы хранения данных),Аппаратный сбой,Высокий
Заражение майнером на сервере разработки,Нарушение безопасности,Средний
Пропажа голоса в IP-телефонии,Ухудшение сервиса,Средний
Не работает форма обратной связи на лендинге,Сбой приложения,Низкий
Скачок напряжения приведший к потере данных на нескольких ПК,Аппаратный сбой,Средний
Социальная инженерия: сотрудник передал логин и пароль злоумышленнику,Нарушение безопасности,Высокий
Задержки в получении push-уведомлений,Ухудшение сервиса,Низкий
Сбой в работе системы тестирования ПО,Сбой приложения,Низкий
Отказ контроллера домена,Сбой приложения,Высокий
Кража ноутбука из переговорной комнаты,Нарушение безопасности,Высокий
Высокая сетевая задержка (latency) при работе с RDP,Ухудшение сервиса,Средний
Не работает система SMS-информирования клиентов,Сбой приложения,Средний
Поломка системы пожаротушения в ЦОД,Аппаратный сбой,Высокий
SQL-инъекция в корпоративном веб-приложении,Нарушение безопасности,Высокий
"Синий экран" на нескольких однотипных рабочих станциях,Аппаратный сбой,Средний
Не обновляется программное обеспечение на терминалах,Ухудшение сервиса,Средний
Сбой в работе геолокационного сервиса для курьеров,Сбой приложения,Высокий
Отключение электричества в дата-центре,Аппаратный сбой,Высокий
Несанкционированное изменение DNS-записей,Нарушение безопасности,Высокий
Частые разрывы соединения с облачным хостингом,Потеря связи,Средний
Не работает интеграция между CRM и телефонией,Сбой приложения,Высокий
Выход из строя модема для резервного канала связи,Аппаратный сбой,Средний
Утечка внутренних переписок сотрудников в сеть,Нарушение безопасности,Высокий
Конечно, вот ещё 100 инцидентов в формате CSV.
Не работает кнопка "Поделиться" в корпоративном блоге,Сбой приложения,Низкий
Отказ системы охлаждения процессора на сервере БД,Аппаратный сбой,Высокий
Проникновение в сеть через уязвимость в веб-интерфейсе принтера,Нарушение безопасности,Средний
Ошибка округления в финансовом отчете,Сбой приложения,Средний
Дрожание изображения на мониторах при работе сети,Ухудшение сервиса,Низкий
Сбой модуля расчета заработной платы,Сбой приложения,Высокий
Разряд статического электричества повредивший материнскую плату,Аппаратный сбой,Средний
Утечка данных о переговорах из-за подслушивающего устройства,Нарушение безопасности,Высокий
Задержка синхронизации данных между кэшем и основной БД,Ухудшение сервиса,Средний
Не работает система напоминания о встречах в календаре,Сбой приложения,Низкий
Обрыв оптоволокна из-за строительных работ,Потеря связи,Высокий
Сбой в системе управления лабораторным оборудованием,Сбой приложения,Высокий
Выход из строя системы рециркуляции воздуха в серверной,Аппаратный сбой,Средний
Компрометация сессионных куков на корпоративном портале,Нарушение безопасности,Высокий
Медленная работа графического редактора на мощных рабочих станциях,Ухудшение сервиса,Низкий
Не работает автозаполнение форм в CRM,Сбой приложения,Низкий
Короткое замыкание в патч-панели,Аппаратный сбой,Средний
Рассылка спама с корпоративных почтовых ящиков,Нарушение безопасности,Средний
Высокий уровень джиттера в голосовой связи,Ухудшение сервиса,Средний
Сбой в работе системы управления аттестациями,Сбой приложения,Средний
Отказ датчика температуры в серверной стойке,Аппаратный сбой,Средний
Поддельные аккаунты в корпоративной системе обмена сообщениями,Нарушение безопасности,Низкий
Не обновляется интерактивная карта на сайте,Сбой приложения,Низкий
Потеря связи с удаленным объектом из-за сбоя спутниковой связи,Потеря связи,Средний
Сбой в системе управления испытаниями,Сбой приложения,Высокий
Выход из строя платы расширения на сервере,Аппаратный сбой,Средний
Атака на систему управления умным зданием (отопление свет),Нарушение безопасности,Средний
Долгая буферизация видео в корпоративной системе обучения,Ухудшение сервиса,Низкий
Не работает система голосования на внутреннем портале,Сбой приложения,Низкий
Перегрузка стабилизатора напряжения,Аппаратный сбой,Средний
Утечка метаданных из документов отправляемых клиентам,Нарушение безопасности,Средний
Не работает система управления сертификатами,Сбой приложения,Средний
Случайное изменение маршрутов в сетевой конфигурации,Ухудшение сервиса,Высокий
Не загружаются шрифты в корпоративном редакторе,Сбой приложения,Низкий
Выход из строя системы контроля протечки воды в ЦОД,Аппаратный сбой,Высокий
Обнаружение нелицензионного ПО на сервере,Нарушение безопасности,Средний
Зависание системы при одновременной работе большого числа пользователей,Ухудшение сервиса,Высокий
Не работает система учета инвентаря,Сбой приложения,Средний
Отказ резервного генератора при тестировании,Аппаратный сбой,Высокий
Фишинговая атака направленная на отдел разработки,Нарушение безопасности,Высокий
Не работает система преобразования текста в речь,Сбой приложения,Низкий
Потеря пакетов при передаче данных в реальном времени,Ухудшение сервиса,Средний
Сбой в системе управления проектной документацией,Сбой приложения,Высокий
Выход из строя модема резервного 4G соединения,Аппаратный сбой,Средний
Несанкционированное изменение конфигурации виртуальной машины,Нарушение безопасности,Средний
Не обновляется статус задач в системе управления проектами,Ухудшение сервиса,Низкий
Не работает система проверки на плагиат,Сбой приложения,Низкий
Перехват беспроводного сигнала клавиатуры,Нарушение безопасности,Средний
Задержка в получении данных с датчиков IoT,Ухудшение сервиса,Средний
Сбой в работе системы управления арендой,Сбой приложения,Средний
Выход из строя системы звукового оповещения,Аппаратный сбой,Средний
Утечка логики бизнес-процессов через публичный репозиторий,Нарушение безопасности,Высокий
Не работает система управления отзывами клиентов,Сбой приложения,Низкий
Зависание компьютера при подключении к VPN,Ухудшение сервиса,Средний
Сбой в системе управления логистикой,Сбой приложения,Высокий
Отказ системы мониторинга потребления энергии,Аппаратный сбой,Низкий
Атака типа "сайт-двойник" на сервис авторизации,Нарушение безопасности,Высокий
Не работает система расчета рейтингов сотрудников,Сбой приложения,Средний
Потеря связи с системой управления складскими роботами,Потеря связи,Высокий
Сбой в работе системы управления франшизой,Сбой приложения,Высокий
Выход из строя ИБП для системы хранения данных,Аппаратный сбой,Высокий
Утечка данных о внутренних тестах продукта,Нарушение безопасности,Средний
Не работает система управления корпоративными событиями,Сбой приложения,Низкий
Задержка в обновлении информации на табло в офисе,Ухудшение сервиса,Низкий
Сбой в системе управления политиками доступа,Сбой приложения,Высокий
Выход из строя системы очистки воздуха от пыли в серверной,Аппаратный сбой,Средний
Обнаружение бэкдора в прошивке сетевого устройства,Нарушение безопасности,Высокий
Не работает система управления корпоративными стандартами,Сбой приложения,Низкий
Случайное удаление раздела на файловом сервере,Ухудшение сервиса,Высокий
Не загружаются превью документов в системе,Сбой приложения,Низкий
Отказ системы резервного копирования на ленточную библиотеку,Аппаратный сбой,Средний
Компрометация корпоративного аккаунта в LinkedIn,Нарушение безопасности,Средний
Не работает система управления идеями сотрудников,Сбой приложения,Низкий
Потеря связи с системой управления цифровыми вывесками,Потеря связи,Средний
Сбой в системе управления безопасностью полетов (для авиакомпании),Сбой приложения,Высокий
Выход из строя системы вакуумного охлаждения,Аппаратный сбой,Высокий
Утечка данных о стратегических планах компании,Нарушение безопасности,Высокий
Не работает система управления корпоративной социальной сетью,Сбой приложения,Низкий
Зависание системы при обработке больших файлов,Ухудшение сервиса,Средний
Сбой в системе управления дистрибьюторской сетью,Сбой приложения,Высокий
Отказ системы контроля уровня шума в дата-центре,Аппаратный сбой,Низкий
Атака на систему управления медицинскими данными,Нарушение безопасности,Высокий
Не работает система расчета отпускных дней,Сбой приложения,Средний
Потеря связи с системой управления транспортными средствами,Потеря связи,Высокий
Сбой в системе управления выставочными стендами,Сбой приложения,Средний
Выход из строя системы жидкостного охлаждения,Аппаратный сбой,Высокий
Несанкционированный доступ к системе управления корпоративными праздниками,Нарушение безопасности,Низкий
Не работает система управления библиотекой,Сбой приложения,Низкий
Задержка в передаче данных между модулями ERP-системы,Ухудшение сервиса,Высокий
Сбой в системе управления рекламными площадями,Сбой приложения,Средний
Выход из строя системы контроля доступа по отпечатку пальца,Аппаратный сбой,Средний
Утечка данных о производительности сотрудников,Нарушение безопасности,Средний
Не работает система управления стейкхолдерами,Сбой приложения,Низкий
Случайное шифрование файлов легитимной программой,Ухудшение сервиса,Средний
Не загружаются иконки в интерфейсе заказного ПО,Сбой приложения,Низкий
Отказ системы мониторинга температуры процессоров,Аппаратный сбой,Средний
Фишинг с использованием глубокой подделки голоса (deepfake),Нарушение безопасности,Высокий
Не работает система управления инновациями,Сбой приложения,Низкий
Потеря связи с системой управления качеством воды (для ЖКХ),Потеря связи,Высокий
Сбой в системе управления телеком-оборудованием,Сбой приложения,Высокий
Выход из строя системы аварийного отключения питания,Аппаратный сбой,Высокий
Утечка данных о клиентах через мобильное приложение,Нарушение безопасности,Высокий
Не работает система управления корпоративной этикой,Сбой приложения,Низкий
Зависание системы при одновременном доступе к одному документу,Ухудшение сервиса,Средний
Не работает сканер на рабочем месте секретаря,Сбой приложения,Низкий
Полный отказ коммутатора ядра сети,Аппаратный сбой,Высокий
Обнаружен ботнет управляющий группой рабочих станций,Нарушение безопасности,Высокий
Ошибка синхронизации данных между головным офисом и филиалом,Сбой приложения,Средний
Постоянные помехи в голосовой связи через VoIP,Ухудшение сервиса,Средний
Сбой в системе управления заказами клиенты не могут оформить заказ,Сбой приложения,Высокий
Выход из строя системы вентиляции в серверной стойке,Аппаратный сбой,Высокий
Утечка данных платежных карт клиентов через взломанную базу данных,Нарушение безопасности,Высокий
Задержка в обработке транзакций в банковской системе,Ухудшение сервиса,Высокий
Не работает система электронной очереди в клиентском отделе,Сбой приложения,Средний
Физический обрыв кабеля между зданиями,Потеря связи,Средний
Сбой в работе системы резервирования номеров в отеле,Сбой приложения,Высокий
Отказ блока питания в файловом сервере,Аппаратный сбой,Средний
Рекламный баннер на внутреннем портале перенаправляет на фишинговый сайт,Нарушение безопасности,Средний
Зависание системы при попытке сформировать сложный отчет,Ухудшение сервиса,Низкий
Не работает автодозвон в колл-центре,Сбой приложения,Средний
Затопление дата-центра из-за прорыва водопровода,Аппаратный сбой,Высокий
Компрометация SSH-ключа для доступа к критическим серверам,Нарушение безопасности,Высокий
Высокая нагрузка на канал связи из-за несанкционированного скачивания,Ухудшение сервиса,Средний
Не обновляется интерфейс управления виртуальными машинами,Сбой приложения,Средний
Потеря связи с удаленным складом из-за грозы,Потеря связи,Средний
Сбой в работе системы контроля версий (Git),Сбой приложения,Средний
Выход из строя кластера серверов обеспечивающего отказоустойчивость,Аппаратный сбой,Высокий
Атака вымогателя (ransomware) на базу данных 1С,Нарушение безопасности,Высокий
Долгая загрузка профилей пользователей при входе в систему,Ухудшение сервиса,Низкий
Не работает API для интеграции с партнерским сервисом,Сбой приложения,Высокий
Перегрев и отказ коммутатора в торговом зале,Аппаратный сбой,Средний
Поддельное письмо от имени директора с просьбой перевести деньги,Нарушение безопасности,Высокий
Потеря пакетов в сети при передаче голоса,Ухудшение сервиса,Средний
Сбой в работе системы мониторинга,Сбой приложения,Средний
Отказ системы бесперебойного питания (ИБП) при переключении,Аппаратный сбой,Высокий
Несанкционированный доступ к системе видеонаблюдения,Нарушение безопасности,Высокий
"Падение" производительности веб-сервера под нагрузкой,Ухудшение сервиса,Высокий
Не работает функция поиска на корпоративном портале,Сбой приложения,Низкий
Обрыв магистрального канала связи с облачным провайдером,Потеря связи,Высокий
Сбой в работе системы управления контентом (CMS) сайта,Сбой приложения,Средний
Выход из строя нескольких дисков в системе хранения данных одновременно,Аппаратный сбой,Высокий
Утечка логинов и парлей от Wi-Fi сети компании,Нарушение безопасности,Средний
Очень медленная работа с сетевыми папками,Ухудшение сервиса,Средний
Не отправляются смс-коды для двухфакторной аутентификации,Сбой приложения,Высокий
Поломка кондиционера в серверной комнате,Аппаратный сбой,Высокий
Взлом аккаунта в социальной сети компании,Нарушение безопасности,Средний
Задержка в доставке корпоративной почты,Ухудшение сервиса,Средний
Не работает система управления цифровыми подписями,Сбой приложения,Средний
Отказ маршрутизатора периметра сети,Аппаратный сбой,Высокий
Обнаружена уязвимость нулевого дня в используемом ПО,Нарушение безопасности,Высокий
Нестабильная работа удаленного рабочего стла (RDP) для бухгалтерии,Ухудшение сервиса,Средний
Сбой в работе системы планирования задач (Jira Asana),Сбой приложения,Средний
Короткое замыкание в розетке приведшее к отключению ПК,Аппаратный сбой,Низкий
Кража физического сервера из дата-центра,Нарушение безопасности,Высокий
Частые разрывы SSL-соединения с сайтом,Ухудшение сервиса,Средний
Не работает система онлайн-оплаты на сайте,Сбой приложения,Высокий
Выход из строя ленточного накопителя для резервных копий,Аппаратный сбой,Средний
DDoS-атака на DNS-серверы компании,Нарушение безопасности,Высокий
Долгое время отклика базы данных при выполнении запросов,Ухудшение сервиса,Высокий
Не работает виджет онлайн-консультанта на сайте,Сбой приложения,Низкий
Потеря связи с удаленными датчиками системы мониторинга,Потеря связи,Средний
Сбой в работе системы управления обучением (LMS),Сбой приложения,Средний
Выход из строя матричного коммутатора KVM,Аппаратный сбой,Средний
Утечка внутренней документации через бывшего сотрудника,Нарушение безопасности,Высокий
Не загружаются обновления ОС на рабочие станции,Ухудшение сервиса,Средний
Не работает система автоматического биллинга для клиентов,Сбой приложения,Высокий
Перегрузка электрической сети в серверной,Аппаратный сбой,Высокий
Поддельные SSL-сертификаты на корпоративных сайтах,Нарушение безопасности,Высокий
Случайное удаление критических данных пользователем,Ухудшение сервиса,Средний
Не работает система управления паролями,Сбой приложения,Средний
Отказ порта на сетевом коммутаторе,Аппаратный сбой,Низкий
Несанкционированное изменение записей в DNS,Нарушение безопасности,Высокий
Зависание системы при печати сложного графика или чертежа,Ухудшение сервиса,Низкий
Сбой в работе системы анализа логов,Сбой приложения,Низкий
Потеря мощности в системе охлаждения ЦОД,Аппаратный сбой,Высокий
Атака на систему умного дома в офисе,Нарушение безопасности,Низкий
Не работает система распознавания номеров на парковке,Сбой приложения,Низкий
Обрыв кабеля под землей из-за земляных работ,Потеря связи,Высокий
Сбой в работе системы управления цепочками поставок (SCM),Сбой приложения,Высокий
Выход из строя контроллера домена (отказ второго),Аппаратный сбой,Высокий
Заражение руткитом на критическом сервере,Нарушение безопасности,Высокий
Не обновляется инвентаризация в системе учета,Ухудшение сервиса,Средний
Не работает калькулятор доставки в интернет-магазине,Сбой приложения,Средний
Поломка сканера штрих-кодов на складе,Аппаратный сбой,Средний
Утечка данных о переговорах с партнерами,Нарушение безопасности,Высокий
Очень медленная работа системы в первый рабочий день месяца,Ухудшение сервиса,Высокий
Не работает система оповещения о критических инцидентах,Сбой приложения,Высокий
Отказ системы генерации отчетов в BI-системе,Сбой приложения,Средний
Выход из строя панели управления виртуальной инфраструктурой,Аппаратный сбой,Высокий
Несанкционированный доступ к логам сервера,Нарушение безопасности,Средний
Потеря связи с серверами в другом регионе,Потеря связи,Средний
Сбой в работе системы управления репутацией,Сбой приложения,Низкий
Перегрев и отказ графических карт на сервере рендеринга,Аппаратный сбой,Высокий
Фишинговая атака на отдел кадров с запросом персональных данных,Нарушение безопасности,Средний
Не работает система проверки орфографии в почтовом клиенте,Сбой приложения,Низкий
Задержка в отображении курсов валют в финансовой системе,Ухудшение сервиса,Средний
Сбой в работе системы управления аккаунтами (IAM),Сбой приложения,Высокий
Выход из строя системы контроля физического доступа в ЦОД,Аппаратный сбой,Высокий
Обнаружено вредоносное ПО шифрующее файлы на сетевом хранилище,Нарушение безопасности,Высокий
Нестабильная работа мобильного приложения для заказа такси,Ухудшение сервиса,Высокий
Не работает система онлайн-бронирования столиков в ресторане,Сбой приложения,Средний
Отказ системы аварийной сигнализации в серверной,Аппаратный сбой,Высокий
Утечка данных тестовой среды содержащей реальные данные,Нарушение безопасности,Средний
Не работает система управления рекламными кампаниями,Сбой приложения,Высокий
Потеря связи с платежным шлюзом,Потеря связи,Высокий
Сбой в работе системы управления инцидентами,Сбой приложения,Высокий
Выход из строя системы газового пожаротушения в дата-центре,Аппаратный сбой,Высокий
Атака на систему управления технологическим процессом (ICS/SCADA),Нарушение безопасности,Высокий
Не работает система учета рабочего времени,Сбой приложения,Средний
Зависание компьютера при подключении к проектору,Аппаратный сбой,Низкий
Утечка пароля от Wi-Fi для гостей,Нарушение безопасности,Низкий
Не загружаются скрипты на странице личного кабинета,Ухудшение сервиса,Средний
Сбой в работе системы управления знаниями (база знаний),Сбой приложения,Низкий
Не работает виджет "Погода" на внутреннем портале,Сбой приложения,Низкий
Отказ системы статического подавления пыли в серверной,Аппаратный сбой,Низкий
Перехват трафика мобильного приложения через поддельную точку доступа,Нарушение безопасности,Высокий
Ошибка в алгоритме рекомендаций товаров,Сбой приложения,Средний
Дрожание курсора мыши на некоторых рабочих станциях,Ухудшение сервиса,Низкий
Сбой модуля управления лимитами расходов,Сбой приложения,Средний
Разрушение панели аккумуляторов в ИБП,Аппаратный сбой,Высокий
Утечка переписки руководства через взлом мессенджера,Нарушение безопасности,Высокий
Рассинхронизация времени между серверами и сетевым оборудованием,Ухудшение сервиса,Средний
Не работает система учета рабочего времени по проектам,Сбой приложения,Средний
Обрыв медного кабеля из-за коррозии,Потеря связи,Средний
Сбой в системе управления роботизированным складом,Сбой приложения,Высокий
Выход из строя системы увлажнения воздуха в ЦОД,Аппаратный сбой,Средний
Поддельные уведомления от системы безопасности на компьютерах сотрудников,Нарушение безопасности,Средний
Медленная работа системы при работе с длинными отчетами,Ухудшение сервиса,Низкий
Не работает автопереводчик в корпоративном чате,Сбой приложения,Низкий
Короткое замыкание в блоке розеток под столом,Аппаратный сбой,Низкий
Рассылка фишинговых писем от имени службы технической поддержки,Нарушение безопасности,Средний
Потеря пакетов при потоковой передаче видео с камер наблюдения,Ухудшение сервиса,Средний
Сбой в системе управления программой лояльности,Сбой приложения,Средний
Отказ датчика задымленности в серверной,Аппаратный сбой,Высокий
Создание фейковых задач в системе управления проектами,Нарушение безопасности,Низкий
Не обновляются курсы акций на финансовом портале,Сбой приложения,Низкий
Потеря связи с удаленными датчиками температуры на складе,Потеря связи,Средний
Сбой в системе управления полиграфическим оборудованием,Сбой приложения,Высокий
Выход из строя интерфейсной платы сетевого хранилища,Аппаратный сбой,Средний
Атака на систему управления уличным освещением (для муниципалитета),Нарушение безопасности,Средний
Долгая загрузка панорамных изображений на сайте недвижимости,Ухудшение сервиса,Низкий
Не работает система проведения опросов сотрудников,Сбой приложения,Низкий
Перегрев патч-панели из-за плохой вентиляции,Аппаратный сбой,Низкий
Утечка данных о НИОКР через уязвимость в системе совместной работы,Нарушение безопасности,Высокий
Не работает система управления архитектурой предприятия,Сбой приложения,Низкий
Случайное блокирование легитимного трафика межсетевым экраном,Ухудшение сервиса,Высокий
Не загружаются аватары пользователей в корпоративной соцсети,Сбой приложения,Низкий
Выход из строя системы контроля вибраций в серверной стойке,Аппаратный сбой,Низкий
Обнаружение keylogger на ПК финансового директора,Нарушение безопасности,Высокий
Зависание системы при попытке экспорта большого объема данных,Ухудшение сервиса,Средний
Не работает система управления сервисными запросами,Сбой приложения,Средний
Отказ системы тестового оповещения (не повлияло на рабочее),Аппаратный сбой,Низкий
Фишинг с целью получения доступа к системе управления стейкхолдерами,Нарушение безопасности,Средний
Не работает система расчета транспортного налога для автопарка,Сбой приложения,Средний
Потеря пакетов в сети при передаче данных телеметрии,Ухудшение сервиса,Средний
Сбой в системе управления дизайн-проектами,Сбой приложения,Средний
Выход из строя модема спутниковой связи для удаленного объекта,Аппаратный сбой,Высокий
Несанкционированное изменение скриптов развертывания,Нарушение безопасности,Высокий
Не обновляется статус оборудования в системе мониторинга,Ухудшение сервиса,Средний
Не работает система проверки грамматики,Сбой приложения,Низкий
Поддельные заявки в систему технической поддержки,Нарушение безопасности,Низкий
Задержка в получении данных от метеостанции для логистики,Ухудшение сервиса,Средний
Сбой в системе управления арендой оборудования,Сбой приложения,Средний
Выход из строя системы фоновой музыки в офисе,Аппаратный сбой,Низкий
Утечка шаблонов договоров через публичный облачный сервис,Нарушение безопасности,Средний
Не работает система управления отчетами о командировках,Сбой приложения,Средний
Зависание компьютера при запуске специфического legacy-ПО,Ухудшение сервиса,Низкий
Сбой в системе управления розничными точками,Сбой приложения,Высокий
Отказ системы мониторинга уровня CO2 в переговорных комнатах,Аппаратный сбой,Низкий
Атака на систему управления очередью в колл-центре,Нарушение безопасности,Средний
Не работает система расчета KPI сотрудников,Сбой приложения,Средний
Потеря связи с системой управления сельскохозяйственной техникой,Потеря связи,Высокий
Сбой в работе системы управления благотворительными программами,Сбой приложения,Низкий
Выход из строя ИБП для системы контроля доступа,Аппаратный сбой,Средний
Утечка данных о внутренних расследованиях,Нарушение безопасности,Высокий
Не работает система управления корпоративными коммуникациями,Сбой приложения,Низкий
Задержка в отображении данных на дашборде аналитики,Ухудшение сервиса,Средний
Сбой в системе управления политиками информационной безопасности,Сбой приложения,Высокий
Выход из строя системы очистки воды для охлаждения,Аппаратный сбой,Высокий
Обнаружение уязвимости в системе управления пресс-релизами,Нарушение безопасности,Средний
Не работает система управления архивом документов,Сбой приложения,Средний
Случайное удаление пользовательских настроек в ERP,Ухудшение сервиса,Низкий
Не загружаются превью видеофайлов в медиатеке,Сбой приложения,Низкий
Отказ ленточного накопителя при восстановлении из резервной копии,Аппаратный сбой,Высокий
Компрометация аккаунта службы поддержки в Twitter,Нарушение безопасности,Средний
Не работает система управления портфолио проектов,Сбой приложения,Низкий
Потеря связи с системой управления рекламными баннерами,Потеря связи,Средний
Сбой в системе управления воздушным движением (для аэропорта),Сбой приложения,Высокий
Выход из строя системы фреонового охлаждения,Аппаратный сбой,Высокий
Утечка данных о слияниях и поглощениях,Нарушение безопасности,Высокий
Не работает система управления корпоративными знаниями,Сбой приложения,Низкий
Зависание системы при построении сложных диаграмм,Ухудшение сервиса,Низкий
Сбой в системе управления дистрибьюцией контента,Сбой приложения,Высокий
Отказ системы контроля уровня радиации (для мед. учреждения),Аппаратный сбой,Высокий
Атака на систему управления данными клинических испытаний,Нарушение безопасности,Высокий
Не работает система учета рабочего времени удаленных сотрудников,Сбой приложения,Средний
Потеря связи с системой управления дронами,Потеря связи,Высокий
Сбой в системе управления выставочными образцами,Сбой приложения,Средний
Выход из строя системы чиллер-фанкойл для охлаждения,Аппаратный сбой,Высокий
Несанкционированный доступ к системе управления фискальными данными,Нарушение безопасности,Высокий
Не работает система управления библиотекой медиаматериалов,Сбой приложения,Низкий
Задержка в обработке данных геолокации для служб доставки,Ухудшение сервиса,Высокий
Сбой в системе управления рекламными рассылками,Сбой приложения,Средний
Выход из строя системы контроля доступа по радужной оболочке глаза,Аппаратный сбой,Средний
Утечка данных о кадровом резерве,Нарушение безопасности,Средний
Не работает система управления стейкхолдерами проекта,Сбой приложения,Низкий
Случайное изменение реестра Windows на группе компьютеров,Ухудшение сервиса,Средний
Не загружаются текстуры в CAD-системе,Сбой приложения,Низкий
Отказ датчика уровня масла в дизель-генераторе,Аппаратный сбой,Высокий
Фишинг с использованием поддельного мобильного приложения компании,Нарушение безопасности,Высокий
Не работает система управления инновационными предложениями,Сбой приложения,Низкий
Потеря связи с системой управления шлюзами (для судоходства),Потеря связи,Высокий
Сбой в системе управления телематикой для транспорта,Сбой приложения,Высокий
Выход из строя системы аварийной вентиляции,Аппаратный сбой,Высокий
Утечка данных пользователей через API стороннего сервиса,Нарушение безопасности,Высокий
Не работает система управления корпоративной культурой,Сбой приложения,Низкий
Зависание системы при одновременной работе с 3D-моделями,Ухудшение сервиса,Средний
Не работает кнопка "Нравится" на внутреннем портале,Сбой приложения,Низкий
Отказ системы контроля статического электричества в чистых комнатах,Аппаратный сбой,Низкий
Перехват Bluetooth-соединения периферийных устройств,Нарушение безопасности,Средний
Ошибка в алгоритме распределения заявок по менеджерам,Сбой приложения,Средний
Мерцание экранов на некоторых мониторах,Ухудшение сервиса,Низкий
Сбой модуля управления корпоративными скидками,Сбой приложения,Средний
Деградация памяти ECC на серверах,Аппаратный сбой,Высокий
Утечка данных о переговорах через уязвимость в системе видеоконференций,Нарушение безопасности,Высокий
Рассинхронизация данных между кэшами различных уровней,Ухудшение сервиса,Средний
Не работает система учета канцелярских принадлежностей,Сбой приложения,Низкий
Обрыв волокна из-за действий грызунов,Потеря связи,Средний
Сбой в системе управления промышленными 3D-принтерами,Сбой приложения,Высокий
Выход из строя системы осушения воздуха в архиве серверной,Аппаратный сбой,Средний
Поддельные push-уведомления на корпоративных мобильных устройствах,Нарушение безопасности,Средний
Медленная работа системы при генерации сложных SQL-отчетов,Ухудшение сервиса,Средний
Не работает система автоматической расстановки переносов в документах,Сбой приложения,Низкий
Окисление контактов в сетевых разъемах,Аппаратный сбой,Низкий
Рассылка фишинговых писем с поддельными уведомлениями о блокировке учетной записи,Нарушение безопасности,Средний
Потеря пакетов при передаче данных с датчиков вибрации оборудования,Ухудшение сервиса,Средний
Сбой в системе управления программами стажировок,Сбой приложения,Низкий
Отказ датчика давления в системе газового пожаротушения,Аппаратный сбой,Высокий
Создание фейковых заказов в системе интернет-магазина,Нарушение безопасности,Средний
Не обновляются данные о пробках в логистической системе,Сбой приложения,Низкий
Потеря связи с системами управления ирригацией (для сельского хозяйства),Потеря связи,Высокий
Сбой в системе управления лифтовым хозяйством,Сбой приложения,Средний
Выход из строя контроллера системы бесперебойного питания,Аппаратный сбой,Высокий
Атака на систему управления уличными камерами наблюдения,Нарушение безопасности,Средний
Долгая загрузка 360° видео в системе виртуальных туров,Ухудшение сервиса,Низкий
Не работает система сбора предложений по улучшению процессов,Сбой приложения,Низкий
Перегрев сетевых кабелей в неправильно проложенных каналах,Аппаратный сбой,Низкий
Утечка данных о патентных заявках через взломанную систему документооборота,Нарушение безопасности,Высокий
Не работает система управления метаданными,Сбой приложения,Низкий
Случайное применение ошибочных групповых политик в Active Directory,Ухудшение сервиса,Высокий
Не загружаются пользовательские темы оформления в интерфейсе,Сбой приложения,Низкий
Выход из строя системы контроля уровня электромагнитных помех,Аппаратный сбой,Низкий
Обнаружение скрипта для майнинга на веб-сервере,Нарушение безопасности,Средний
Зависание системы при обработке сложных математических вычислений,Ухудшение сервиса,Средний
Не работает система управления сертификатами соответствия,Сбой приложения,Средний
Отказ тестовой системы аварийной сигнализации (ложное срабатывание),Аппаратный сбой,Низкий
Фишинг с целью получения доступа к системе управления инцидентами,Нарушение безопасности,Высокий
Не работает система расчета амортизации оборудования,Сбой приложения,Средний
Потеря пакетов при передаче голоса в радиосвязи,Ухудшение сервиса,Средний
Сбой в системе управления дизайнерскими макетами,Сбой приложения,Средний
Выход из строя модема для резервного спутникового интернета,Аппаратный сбой,Высокий
Несанкционированное изменение конфигурации балансировщиков нагрузки,Нарушение безопасности,Высокий
Не обновляется статус ремонта оборудования в системе учета,Ухудшение сервиса,Низкий
Не работает система проверки уникальности контента,Сбой приложения,Низкий
Поддельные заявки на отпуск в системе кадрового учета,Нарушение безопасности,Низкий
Задержка в получении данных с метеорологических радаров,Ухудшение сервиса,Средний
Сбой в системе управления прокатом оборудования,Сбой приложения,Средний
Выход из строя системы фонового оповещения в офисе,Аппаратный сбой,Низкий
Утечка шаблонов презентаций через публичный файлообменник,Нарушение безопасности,Низкий
Не работает система управления отчетами о производительности,Сбой приложения,Средний
Зависание компьютера при подключении к определенным сетевым принтерам,Ухудшение сервиса,Низкий
Сбой в системе управления сетью филиалов,Сбой приложения,Высокий
Отказ системы мониторинга качества воздуха в серверной,Аппаратный сбой,Низкий
Атака на систему управления расписанием транспорта,Нарушение безопасности,Средний
Не работает система расчета бонусов по итогам года,Сбой приложения,Средний
Потеря связи с системой управления аквапарком (для развлекательного центра),Потеря связи,Высокий
Сбой в работе системы управления волонтерскими программами,Сбой приложения,Низкий
Выход из строя ИБП для системы видеонаблюдения,Аппаратный сбой,Средний
Утечка данных о внутренних аудитах,Нарушение безопасности,Высокий
Не работает система управления внутренними рассылками,Сбой приложения,Низкий
Задержка в отображении данных в системе бизнес-аналитики,Ухудшение сервиса,Средний
Сбой в системе управления политиками резервного копирования,Сбой приложения,Высокий
Выход из строя системы очистки теплообменников,Аппаратный сбой,Высокий
Обнаружение уязвимости в системе управления отзывами,Нарушение безопасности,Средний
Не работает система управления архивом прессы,Сбой приложения,Низкий
Случайное удаление пользовательских фильтров в CRM,Ухудшение сервиса,Низкий
Не загружаются превью аудиофайлов в медиатеке,Сбой приложения,Низкий
Отказ системы автоматической смены ленты в стриммере,Аппаратный сбой,Средний
Компрометация аккаунта компании в Instagram,Нарушение безопасности,Средний
Не работает система управления портфелем ценных бумаг,Сбой приложения,Высокий
Потеря связи с системой управления рекламой на транспорте,Потеря связи,Средний
Сбой в системе управления железнодорожными перевозками,Сбой приложения,Высокий
Выход из строя системы градирен для охлаждения,Аппаратный сбой,Высокий
Утечка данных о предстоящем ребрендинге,Нарушение безопасности,Высокий
Не работает система управления знаниями о продукте,Сбой приложения,Низкий
Зависание системы при рендеринге сложных сцен,Ухудшение сервиса,Средний
Сбой в системе управления распределением товаров по магазинам,Сбой приложения,Высокий
Отказ системы контроля уровня шума в производственных цехах,Аппаратный сбой,Низкий
Атака на систему управления медицинскими изображениями (PACS),Нарушение безопасности,Высокий
Не работает система учета рабочего времени по гибкому графику,Сбой приложения,Средний
Потеря связи с системой управления беспилотными такси,Потеря связи,Высокий
Сбой в системе управления музейными экспонатами,Сбой приложения,Средний
Выход из строя системы чиллера с воздушным охлаждением,Аппаратный сбой,Высокий
Несанкционированный доступ к системе управления налоговой отчетностью,Нарушение безопасности,Высокий
Не работает система управления библиотекой кода,Сбой приложения,Средний
Задержка в обработке данных с касс терминалов в реальном времени,Ухудшение сервиса,Высокий
Сбой в системе управления email-маркетингом,Сбой приложения,Средний
Выход из строя системы контроля доступа по геолокации,Аппаратный сбой,Средний
Утечка данных о кадровых перестановках,Нарушение безопасности,Средний
Не работает система управления стейкхолдерами продукта,Сбой приложения,Низкий
Случайное изменение настроек DNS на роутерах,Ухудшение сервиса,Высокий
Не загружаются плагины в IDE разработчиков,Сбой приложения,Средний
Отказ датчика уровня топлива в резервном генераторе,Аппаратный сбой,Высокий
Фишинг с использованием поддельных сертификатов безопасности,Нарушение безопасности,Высокий
Не работает система управления инновациями в процессах,Сбой приложения,Низкий
Потеря связи с системой управления шлюзами в аэропорту,Потеря связи,Высокий
Сбой в системе управления телеметрией гоночных автомобилей,Сбой приложения,Высокий
Выход из строя системы аварийного дымоудаления,Аппаратный сбой,Высокий
Утечка данных пользователей через уязвимость в мобильном SDK,Нарушение безопасности,Высокий
Не работает система управления корпоративными ценностями,Сбой приложения,Низкий
Зависание системы при работе с базами данных в памяти,Ухудшение сервиса,Высокий
Не работает кнопка "Поделиться экраном" в клиенте для видеоконференций,Сбой приложения,Низкий
Отказ системы контроля микроклимата в помещении с архивом,Аппаратный сбой,Низкий
Перехват данных с RFID-пропусков сотрудников,Нарушение безопасности,Средний
Ошибка в алгоритме прогнозирования продаж,Сбой приложения,Средний
Искажение цветопередачи на мониторах графических дизайнеров,Ухудшение сервиса,Средний
Сбой модуля управления корпоративными мероприятиями,Сбой приложения,Низкий
Деградация SSD-накопителей на серверах виртуализации,Аппаратный сбой,Высокий
Утечка данных о стратегических закупках через уязвимость в системе тендеров,Нарушение безопасности,Высокий
Рассинхронизация реплик распределенной базы данных,Ухудшение сервиса,Высокий
Не работает система учета расхода материалов,Сбой приложения,Средний
Обрыв волокна из-за падения дерева во время урагана,Потеря связи,Высокий
Сбой в системе управления системой "умный дом" в офисе,Сбой приложения,Низкий
Выход из строя системы контроля чистоты воздуха в лаборатории,Аппаратный сбой,Средний
Поддельные SMS с кодом двухфакторной аутентификации,Нарушение безопасности,Высокий
Медленная работа системы при обработке больших JSON-файлов,Ухудшение сервиса,Средний
Не работает система автоматического резервирования переговорных комнат,Сбой приложения,Низкий
Коррозия контактов в кроссировочной панели,Аппаратный сбой,Средний
Рассылка фишинговых писем с поддельными счетами на оплату,Нарушение безопасности,Средний
Потеря пакетов при передаче данных телеметрии с ветрогенераторов,Ухудшение сервиса,Средний
Сбой в системе управления программами обучения,Сбой приложения,Средний
Отказ датчика протечки воды под фальшполом серверной,Аппаратный сбой,Высокий
Создание фейковых учетных записей в системе бронирования,Нарушение безопасности,Средний
Не обновляются котировки криптовалют на финансовом портале,Сбой приложения,Низкий
Потеря связи с системой управления освещением в умном городе,Потеря связи,Средний
Сбой в системе управления эскалаторами,Сбой приложения,Средний
Выход из строя контроллера системы вентиляции,Аппаратный сбой,Средний
Атака на систему управления уличными светофорами,Нарушение безопасности,Высокий
Долгая загрузка AR-моделей в мобильном приложении,Ухудшение сервиса,Низкий
Не работает система сбора feedback от клиентов,Сбой приложения,Низкий
Перегрев точек доступа Wi-Fi в производственном цехе,Аппаратный сбой,Средний
Утечка данных о клиентской базе через уволенного сотрудника,Нарушение безопасности,Высокий
Не работает система управления цифровыми активами,Сбой приложения,Средний
Случайное удаление правил маршрутизации,Ухудшение сервиса,Высокий
Не загружаются пользовательские шрифты в веб-приложении,Сбой приложения,Низкий
Выход из строя системы контроля уровня электромагнитного излучения,Аппаратный сбой,Низкий
Обнаружение бэкдора в firmware сетевого коммутатора,Нарушение безопасности,Высокий
Зависание системы при обработке потокового видео,Ухудшение сервиса,Средний
Не работает система управления сертификатами SSL/TLS,Сбой приложения,Высокий
Отказ тестовой системы оповещения о чрезвычайных ситуациях,Аппаратный сбой,Низкий
Фишинг с целью получения доступа к системе управления идентификацией,Нарушение безопасности,Высокий
Не работает система расчета транспортных расходов,Сбой приложения,Средний
Потеря пакетов при передаче голоса в радиосвязи DMR,Ухудшение сервиса,Средний
Сбой в системе управления дизайном упаковки,Сбой приложения,Средний
Выход из строя модема для резервной линии xDSL,Аппаратный сбой,Средний
Несанкционированное изменение конфигурации виртуальной сети,Нарушение безопасности,Высокий
Не обновляется статус заказов в системе логистики,Ухудшение сервиса,Средний
Не работает система проверки орфографии в мессенджере,Сбой приложения,Низкий
Поддельные заявки на техническое обслуживание,Нарушение безопасности,Низкий
Задержка в получении данных с сейсмодатчиков,Ухудшение сервиса,Средний
Сбой в системе управления прокатом автомобилей,Сбой приложения,Средний
Выход из строя системы фоновой вентиляции в архиве,Аппаратный сбой,Низкий
Утечка шаблонов договоров через уязвимость в CRM,Нарушение безопасности,Средний
Не работает система управления отчетами о инцидентах,Сбой приложения,Средний
Зависание компьютера при подключении к VPN с определенной ОС,Ухудшение сервиса,Средний
Сбой в системе управления сетью ресторанов,Сбой приложения,Высокий
Отказ системы мониторинга качества воды в системе охлаждения,Аппаратный сбой,Средний
Атака на систему управления расписанием кинотеатра,Нарушение безопасности,Низкий
Не работает система расчета премий по проектам,Сбой приложения,Средний
Потеря связи с системой управления аквапоникой,Потеря связи,Средний
Сбой в работе системы управления волонтерами на мероприятиях,Сбой приложения,Низкий
Выход из строя ИБП для системы контроля доступа в ЦОД,Аппаратный сбой,Высокий
Утечка данных о внутренних расследованиях инсайдерских угроз,Нарушение безопасности,Высокий
Не работает система управления внутренними заказами,Сбой приложения,Низкий
Задержка в отображении данных в системе реального времени,Ухудшение сервиса,Высокий
Сбой в системе управления политиками доступа к облачным ресурсам,Сбой приложения,Высокий
Выход из строя системы очистки фильтров в системе кондиционирования,Аппаратный сбой,Средний
Обнаружение уязвимости в системе управления отзывами о продукте,Нарушение безопасности,Средний
Не работает система управления архивом чертежей,Сбой приложения,Средний
Случайное удаление пользовательских макросов в Excel,Ухудшение сервиса,Низкий
Не загружаются превью документов в системе электронного архива,Сбой приложения,Низкий
Отказ системы автоматической замены картриджа в ленточный накопитель,Аппаратный сбой,Средний
Компрометация аккаунта компании в Facebook,Нарушение безопасности,Средний
Не работает система управления портфелем недвижимости,Сбой приложения,Высокий
Потеря связи с системой управления рекламными щитами,Потеря связи,Средний
Сбой в системе управления метрополитеном,Сбой приложения,Высокий
Выход из строя системы сухих градирен,Аппаратный сбой,Высокий
Утечка данных о предстоящем IPO,Нарушение безопасности,Высокий
Не работает система управления знаниями о клиентах,Сбой приложения,Средний
Зависание системы при работе с графовыми базами данных,Ухудшение сервиса,Средний
Сбой в системе управления распределением персонала,Сбой приложения,Высокий
Отказ системы контроля уровня вибрации в серверной стойке,Аппаратный сбой,Низкий
Атака на систему управления медицинскими записями пациентов,Нарушение безопасности,Высокий
Не работает система учета рабочего времени сменных работников,Сбой приложения,Средний
Потеря связи с системой управления беспилотными летательными аппаратами,Потеря связи,Высокий
Сбой в системе управления мультимедиа в музее,Сбой приложения,Средний
Выход из строя системы охлаждения на жидкостном погружении,Аппаратный сбой,Высокий
Несанкционированный доступ к системе управления финансовыми транзакциями,Нарушение безопасности,Высокий
Не работает система управления библиотекой документации,Сбой приложения,Низкий
Задержка в обработке данных с платежных терминалов,Ухудшение сервиса,Высокий
Сбой в системе управления SMS-рассылками,Сбой приложения,Средний
Выход из строя системы контроля доступа по распознаванию лица,Аппаратный сбой,Средний
Утечка данных о планах реорганизации,Нарушение безопасности,Высокий
Не работает система управления стейкхолдерами ИТ-проектов,Сбой приложения,Низкий
Случайное изменение настроек прокси-сервера,Ухудшение сервиса,Средний
Не загружаются расширения в браузере для корпоративного портала,Сбой приложения,Низкий
Отказ датчика уровня масла в компрессоре системы кондиционирования,Аппаратный сбой,Средний
Фишинг с использованием поддельных форм входа в облачные сервисы,Нарушение безопасности,Высокий
Не работает система управления инновациями в продукте,Сбой приложения,Низкий
Потеря связи с системой управления шлюзами на стадионе,Потеря связи,Средний
Сбой в системе управления телеметрией спортивных автомобилей,Сбой приложения,Высокий
Выход из строя системы аварийной вентиляции в тоннеле,Аппаратный сбой,Высокий
Утечка данных пользователей через уязвимость в API партнера,Нарушение безопасности,Высокий
Не работает система управления корпоративной социальной ответственностью,Сбой приложения,Низкий
Зависание системы при обработке потоков данных IoT,Ухудшение сервиса,Высокий
Потеря данных в пакетах во время передачи с сенсоров вибрации техники,Ухудшение сервиса,Средний
Отказ в платформе для координации стажировок,Сбой приложения,Низкий
Поломка сенсора давления в газовой системе пожаротушения,Аппаратный сбой,Высокий
Генерация ложных заказов в онлайн-магазине,Нарушение безопасности,Средний
Отсутствие обновлений о дорожных заторах в логистике,Сбой приложения,Низкий
Разрыв связи с платформами для полива в агросекторе,Потеря связи,Высокий
Сбой в платформе для контроля лифтов,Сбой приложения,Средний
Поломка контроллера в системе бесперебойного энергоснабжения,Аппаратный сбой,Высокий
Кибератака на платформу для уличных камер видеонаблюдения,Нарушение безопасности,Средний
Медленная загрузка панорамных видео в виртуальных экскурсиях,Ухудшение сервиса,Низкий
Отказ в платформе для сбора идей по оптимизации процессов,Сбой приложения,Низкий
Перегрев кабелей сети из-за неправильной прокладки,Аппаратный сбой,Низкий
Утечка информации о патентах через взломанную систему документооборота,Нарушение безопасности,Высокий
Отказ в платформе для работы с метаданными,Сбой приложения,Низкий
Непреднамеренное внедрение неверных политик в Active Directory,Ухудшение сервиса,Высокий
Проблемы с загрузкой пользовательских дизайнов интерфейса,Сбой приложения,Низкий
Поломка системы мониторинга электромагнитных интерференций,Аппаратный сбой,Низкий
Выявление майнингового скрипта на сервере сайта,Нарушение безопасности,Средний
Зависание при выполнении сложных математических операций,Ухудшение сервиса,Средний
Отказ в платформе для контроля сертификатов качества,Сбой приложения,Средний
Сбой в тестовой системе тревожной сигнализации с ложным активацией,Аппаратный сбой,Низкий
Фишинговые атаки для доступа к системе обработки инцидентов,Нарушение безопасности,Высокий
Отказ в платформе для вычисления амортизации активов,Сбой приложения,Средний
Утрата пакетов в голосовой радиосвязи,Ухудшение сервиса,Средний
Сбой в платформе для хранения дизайнерских шаблонов,Сбой приложения,Средний
Поломка модема для запасного спутникового соединения,Аппаратный сбой,Высокий
Незаконное редактирование настроек балансировщиков трафика,Нарушение безопасности,Высокий
Отсутствие обновлений статуса ремонта в учете оборудования,Ухудшение сервиса,Низкий
Отказ в платформе для проверки оригинальности контента,Сбой приложения,Низкий
Фальшивые запросы на отпуска в кадровой системе,Нарушение безопасности,Низкий
Задержки в данных от метеорадаров,Ухудшение сервиса,Средний
Сбой в платформе для аренды оборудования,Сбой приложения,Средний
Поломка системы оповещения в офисе на фоне,Аппаратный сбой,Низкий
Утечка шаблонов слайдов через открытый файлообмен,Нарушение безопасности,Низкий
Отказ в платформе для отчетов о производительности,Сбой приложения,Средний
Зависание ПК при связи с конкретными сетевыми принтерами,Ухудшение сервиса,Низкий
Сбой в платформе для сети филиалов,Сбой приложения,Высокий
Поломка мониторинга воздуха в серверной комнате,Аппаратный сбой,Низкий
Кибератака на платформу расписания общественного транспорта,Нарушение безопасности,Средний
Отказ в платформе для годовых бонусов,Сбой приложения,Средний
Разрыв связи с системой контроля аквапарка в развлекательном комплексе,Потеря связи,Высокий
Сбой в платформе для волонтерских инициатив,Сбой приложения,Низкий
Сотрудник забыл пароль от своего же дня рождения.,Сбой приложения,Низкий
Сервер перезагрузился потому что уборщица задела провод пылесосом.,Аппаратный сбой,Средний
Хакер взломал систему и установил смайлики вместо курсора.,Нарушение безопасности,Низкий
База данных замедлила работу узнав о своем размере.,Ухудшение сервиса,Низкий
Программист налил кофе на клавиатуру и потребовал ремонт по гарантии.,Аппаратный сбой,Низкий
Системный администратор ушел в отпуск и ни один пароль больше не работает.,Нарушение безопасности,Средний
Приложение выдает ошибку 418 "I'm a teapot" при попытке заварить чай.,Сбой приложения,Низкий
Ноутбук начал самопроизвольно проигрывать песню "Never Gonna Give You Up".,Нарушение безопасности,Низкий
Мышь убежала от сотрудника и спряталась в системном блоке.,Аппаратный сбой,Низкий
Приложение для видеоконференций добавило всем участникам заячьи ушки.,Сбой приложения,Низкий
Сотрудник пытался зарядить беспроводную мышь через USB.,Аппаратный сбой,Низкий
Система резервного копирования успешно сохранила нули и единицы.,Сбой приложения,Низкий
Сайт компании начал показывать цены в зубах дракона вместо долларов.,Сбой приложения,Низкий
Сотрудник нажал Ctrl+Z в реальной жизни ожидая отмены действия.,Ухудшение сервиса,Низкий
Принтер начал печатать все документы на оборотной стороне уже использованной бумаги.,Аппаратный сбой,Низкий
Сотрудник создал папку "Новая папка" для систематизации других "Новых папок".,Сбой приложения,Низкий
Сервер начал проигрывать колыбельную каждый день в 18:00.,Нарушение безопасности,Низкий
Сотрудник пытался обновить Windows поливая компьютер водой.,Аппаратный сбой,Высокий
Сайт компании перестал работать в пятницу в 17:01.,Сбой приложения,Средний
Программист пытался отладить код с помощью гадания на кофейной гуще.,Сбой приложения,Низкий
Сотрудник сохранил пароль в файле "пароли.txt" на рабочем столе.,Нарушение безопасности,Средний
Принтер начал печатать все документы в стиле хайку.,Аппаратный сбой,Низкий
Сайт компании начал просить пользователей ввести CAPTCHA для входа в CAPTCHA.,Сбой приложения,Низкий
Сотрудник пытался "зарядить" беспроводную клавиатуру на солнце.,Аппаратный сбой,Низкий
Система резервного копирования начала создавать резервные копии самих резервных копий.,Сбой приложения,Низкий
Сотрудник думал что Firewall - это новая модель камина.,Нарушение безопасности,Низкий
Монитор начал показывать экран загрузки с шутками про грузящихся программистов.,Аппаратный сбой,Низкий
Сотрудник пытался обновить антивирус заливая в компьютер антибактериальный гель.,Аппаратный сбой,Высокий
Приложение для видеозвонков начало добавлять всем костюмы супергероев.,Сбой приложения,Низкий
Сервер начал публиковать в Twitter цитаты из Шекспира.,Нарушение безопасности,Низкий
Сотрудник думал что Bitcoin - это новая игральная фишка.,Сбой приложения,Низкий
Сеть начала работать медленнее когда сотрудники начали активно работать.,Ухудшение сервиса,Средний
Программист пытался починить баг переименовав переменную в "не_баг".,Сбой приложения,Низкий
Сотрудник отправил важное письмо с темой "письмо" и удивляется что его не находят.,Сбой приложения,Низкий
Принтер начал печатать все документы задом наперед.,Аппаратный сбой,Низкий
Сайт компании начал показывать пользователям их будущее в кривом зеркале.,Сбой приложения,Низкий
Сотрудник пытался "разогнать" компьютер дуя на него.,Аппаратный сбой,Низкий
Система распознавания лиц начала путать сотрудников с известными актерами.,Сбой приложения,Низкий
Сотрудник думал что SQL - это аббревиатура от "Super Quiet Library".,Сбой приложения,Низкий
Монитор начал показывать только зеленый текст "в стиле Матрицы".,Аппаратный сбой,Низкий
Сотрудник пытался сделать бекап фотографируя экран на телефон.,Сбой приложения,Низкий
Приложение для учета рабочего времени начало учитывать время сна сотрудников.,Сбой приложения,Низкий
Сервер начал проигрывать саундтрек из "Игры престолов" при запуске.,Нарушение безопасности,Низкий
Сотрудник думал что API - это новый пирог в столовой.,Сбой приложения,Низкий
Сеть Wi-Fi стала требовать пароль от Wi-Fi соседнего кафе.,Нарушение безопасности,Низкий
Программист пытался исправить ошибку перезапустив стул.,Сбой приложения,Низкий
Сотрудник сохранил все пароли в блокноте под клавиатурой.,Нарушение безопасности,Средний
Принтер начал печатать все документы с рецептами пирожных.,Аппаратный сбой,Низкий
Сайт компании начал показывать погоду на Марсе вместо местной.,Сбой приложения,Низкий
Сотрудник пытался "почистить" оперативную память протерев плату ластиком.,Аппаратный сбой,Высокий
Система чат-бота начала давать советы по личной жизни.,Сбой приложения,Низкий
Сотрудник думал что Kubernetes - это имя греческого бога.,Сбой приложения,Низкий
Монитор начал показывать экран с бегущими строками анекдотов.,Аппаратный сбой,Низкий
Сотрудник пытался "закриптовать" свою работу напевая код.,Сбой приложения,Низкий
Приложение для расчета налогов начало вычислять налоги в золотых слитках.,Сбой приложения,Средний
Сервер начал требовать для входа не только пароль но и стишок.,Нарушение безопасности,Низкий
Сотрудник думал что Docker - это профессия портового рабочего.,Сбой приложения,Низкий
Сеть начала работать быстрее по пятницам после 18:00.,Ухудшение сервиса,Низкий
Программист пытался отладить код рассказывая ему о своих проблемах.,Сбой приложения,Низкий
Сотрудник отправил в IT-поддержку тикет "Компьютер не включается" не подключив его к розетке.,Аппаратный сбой,Низкий
Отказ в платформе для контроля дистрибьюторской сети,Сбой приложения,Высокий
Поломка системы мониторинга уровня шума в дата-центре,Аппаратный сбой,Низкий
Кибератака на платформу управления медицинскими данными,Нарушение безопасности,Высокий
Отказ в системе подсчета дней отпуска,Сбой приложения,Средний
Разрыв связи с платформой управления транспортными средствами,Потеря связи,Высокий
Отказ в системе контроля выставочных стендов,Сбой приложения,Средний
Поломка системы охлаждения жидкостью,Аппаратный сбой,Высокий
Незаконный доступ к платформе корпоративных праздников,Нарушение безопасности,Низкий
Отказ в системе управления библиотекой,Сбой приложения,Низкий
Задержки в обмене данными между модулями ERP,Ухудшение сервиса,Высокий
Отказ в платформе для управления рекламными площадями,Сбой приложения,Средний
Поломка биометрической системы доступа по отпечатку,Аппаратный сбой,Средний
Утечка информации о производительности сотрудников,Нарушение безопасности,Средний
Отказ в системе работы со стейкхолдерами,Сбой приложения,Низкий
Непреднамеренное шифрование файлов законным ПО,Ухудшение сервиса,Средний
Проблемы с загрузкой иконок в интерфейсе кастомного ПО,Сбой приложения,Низкий
Поломка системы мониторинга температуры процессоров,Аппаратный сбой,Средний
Фишинг с применением deepfake голоса,Нарушение безопасности,Высокий
Отказ в платформе для управления инновациями,Сбой приложения,Низкий
Разрыв связи с платформой контроля качества воды в ЖКХ,Потеря связи,Высокий
Отказ в системе управления телеком-оборудованием,Сбой приложения,Высокий
Поломка системы экстренного отключения питания,Аппаратный сбой,Высокий
Утечка клиентских данных через мобильное приложение,Нарушение безопасности,Высокий
Отказ в системе корпоративной этики,Сбой приложения,Низкий
Зависание при параллельном доступе к одному документу,Ухудшение сервиса,Средний
Отказ сканера на рабочем месте секретаря,Сбой приложения,Низкий
Полный сбой коммутатора в ядре сети,Аппаратный сбой,Высокий
Выявление ботнета на группе рабочих станций,Нарушение безопасности,Высокий
Проблемы синхронизации данных между головным офисом и филиалом,Сбой приложения,Средний
Постоянные интерференции в VoIP-связи,Ухудшение сервиса,Средний
Отказ в системе заказов из-за чего клиенты не могут оформить покупку,Сбой приложения,Высокий
Поломка вентиляции в серверной стойке,Аппаратный сбой,Высокий
Утечка данных платежных карт через взломанную базу,Нарушение безопасности,Высокий
Задержки в обработке транзакций банковской системы,Ухудшение сервиса,Высокий
Отказ электронной очереди в клиентском отделе,Сбой приложения,Средний
Физический разрыв кабеля между зданиями,Потеря связи,Средний
Отказ в системе бронирования номеров отеля,Сбой приложения,Высокий
Поломка блока питания в файловом сервере,Аппаратный сбой,Средний
Баннер на внутреннем портале ведет на фишинговый сайт,Нарушение безопасности,Средний
Зависание при генерации сложного отчета,Ухудшение сервиса,Низкий
Отказ автодозвона в колл-центре,Сбой приложения,Средний
Затопление дата-центра от прорыва трубы,Аппаратный сбой,Высокий
Компрометация SSH-ключа для критических серверов,Нарушение безопасности,Высокий
Перегрузка канала связи от несанкционированных скачиваний,Ухудшение сервиса,Средний
Отсутствие обновлений в интерфейсе управления виртуальными машинами,Сбой приложения,Средний
Разрыв связи с удаленным складом из-за грозы,Потеря связи,Средний
Отказ в системе контроля версий Git,Сбой приложения,Средний
Поломка кластера серверов для отказоустойчивости,Аппаратный сбой,Высокий
Атака ransomware на базу данных 1С,Нарушение безопасности,Высокий
Медленная загрузка пользовательских профилей при логине,Ухудшение сервиса,Низкий
Отказ API для интеграции с партнерским сервисом,Сбой приложения,Высокий
Перегрев и сбой коммутатора в торговом зале,Аппаратный сбой,Средний
Фальшивое письмо от директора с просьбой о переводе денег,Нарушение безопасности,Высокий
Утрата пакетов в сети во время голосовой передачи,Ухудшение сервиса,Средний
Отказ в системе мониторинга,Сбой приложения,Средний
Сбой ИБП при переключении,Аппаратный сбой,Высокий
Незаконный доступ к системе видеонаблюдения,Нарушение безопасности,Высокий
Снижение производительности веб-сервера под нагрузкой,Ухудшение сервиса,Высокий
Поломка сканера для чтения штрих-кодов на складском помещении,Аппаратный сбой,Средний
Утечка информации о переговорах с деловыми партнерами,Нарушение безопасности,Высокий
Очень замедленная функционирование системы в начале рабочего месяца,Ухудшение сервиса,Высокий
Отказ системы уведомлений о критических событиях,Сбой приложения,Высокий
Сбой в генерации отчетов в системе бизнес-аналитики,Сбой приложения,Средний
Поломка панели для управления виртуальной инфраструктурой,Аппаратный сбой,Высокий
Незаконный доступ к журналам сервера,Нарушение безопасности,Средний
Разрыв связи с серверами в другом регионе,Потеря связи,Средний
Отказ в системе контроля репутации,Сбой приложения,Низкий
Перегрев и поломка видеокарт на рендеринговом сервере,Аппаратный сбой,Высокий
Фишинговая атака на HR-отдел с требованием личных данных,Нарушение безопасности,Средний
Отказ системы проверки орфографии в клиенте электронной почты,Сбой приложения,Низкий
Задержка отображения валютных курсов в финансовой платформе,Ухудшение сервиса,Средний
Отказ в системе управления идентификацией и доступом (IAM),Сбой приложения,Высокий
Поломка системы контроля физического доступа в центр обработки данных,Аппаратный сбой,Высокий
Выявление malware шифрующего файлы на сетевом диске,Нарушение безопасности,Высокий
Нестабильная работа приложения для мобильного заказа такси,Ухудшение сервиса,Высокий
Отказ системы онлайн-резервирования столов в ресторане,Сбой приложения,Средний
Поломка системы тревожной сигнализации в серверной комнате,Аппаратный сбой,Высокий
Утечка данных из тестовой среды с реальными записями,Нарушение безопасности,Средний
Отказ в системе контроля рекламных кампаний,Сбой приложения,Высокий
Разрыв связи с платежным гейтвеем,Потеря связи,Высокий
Отказ в системе обработки инцидентов,Сбой приложения,Высокий
Поломка системы газового тушения пожара в дата-центре,Аппаратный сбой,Высокий
Кибератака на платформу управления промышленными процессами (ICS/SCADA),Нарушение безопасности,Высокий
Отказ в системе учета времени работы,Сбой приложения,Средний
Зависание ПК при соединении с проектором,Аппаратный сбой,Низкий
Утечка гостевого пароля от Wi-Fi сети,Нарушение безопасности,Низкий
Проблемы с загрузкой скриптов на странице личного кабинета,Ухудшение сервиса,Средний
Отказ в системе базы знаний для управления информацией,Сбой приложения,Низкий
Отказ виджета погоды на внутреннем корпоративном портале,Сбой приложения,Низкий
Поломка системы подавления пыли в серверной,Аппаратный сбой,Низкий
Перехват трафика мобильного приложения через фальшивую точку Wi-Fi,Нарушение безопасности,Высокий
Ошибка в алгоритме рекомендаций продуктов,Сбой приложения,Средний
Дрожание курсора мыши на отдельных рабочих местах,Ухудшение сервиса,Низкий
Отказ модуля контроля лимитов расходов,Сбой приложения,Средний
Разрушение батареи аккумуляторов в источнике бесперебойного питания,Аппаратный сбой,Высокий
Утечка переписки топ-менеджмента через взломанный мессенджер,Нарушение безопасности,Высокий
Расхождение времени между серверами и сетевым оборудованием,Ухудшение сервиса,Средний
Отказ в системе учета времени по проектам,Сбой приложения,Средний
Обрыв кабеля из меди по причине коррозии,Потеря связи,Средний
Отказ в системе контроля роботизированного склада,Сбой приложения,Высокий
Поломка системы увлажнения воздуха в центре обработки данных,Аппаратный сбой,Средний
Фальшивые оповещения от системы безопасности на ПК сотрудников,Нарушение безопасности,Средний
Замедленная работа системы с объемными отчетами,Ухудшение сервиса,Низкий
Отказ автоматического переводчика в корпоративном чате,Сбой приложения,Низкий
Короткое замыкание в розеточной панели под столом,Аппаратный сбой,Низкий
Рассылка фишинговых сообщений от имени техподдержки,Нарушение безопасности,Средний
Утрата пакетов при стриминге видео с камер видеонаблюдения,Ухудшение сервиса,Средний
Отказ в системе программы лояльности,Сбой приложения,Средний
Поломка датчика дыма в серверной комнате,Аппаратный сбой,Высокий
Генерация ложных задач в системе управления проектами,Нарушение безопасности,Низкий
Отсутствие обновлений котировок акций на финансовом портале,Сбой приложения,Низкий
Разрыв связи с удаленными сенсорами температуры на складе,Потеря связи,Средний
Отказ в системе контроля полиграфического оборудования,Сбой приложения,Высокий
Поломка интерфейсной карты в сетевом хранилище,Аппаратный сбой,Средний
Кибератака на платформу управления уличным освещением в муниципалитете,Нарушение безопасности,Средний
Медленная загрузка панорамных фото на сайте недвижимости,Ухудшение сервиса,Низкий
Отказ в системе опросов для сотрудников,Сбой приложения,Низкий
Перегрев патч-панели от недостаточной вентиляции,Аппаратный сбой,Низкий
Утечка информации о научно-исследовательских работах через уязвимость в коллаборативной системе,Нарушение безопасности,Высокий
Отказ в системе управления архитектурой компании,Сбой приложения,Низкий
Непреднамеренная блокировка законного трафика фаерволом,Ухудшение сервиса,Высокий
Проблемы с загрузкой аватаров в внутренней социальной сети,Сбой приложения,Низкий
Поломка системы мониторинга вибраций в серверной стойке,Аппаратный сбой,Низкий
Выявление кейлоггера на компьютере финансового директора,Нарушение безопасности,Высокий
Зависание при экспорте большого количества данных,Ухудшение сервиса,Средний
Отказ в системе обработки сервисных запросов,Сбой приложения,Средний
Сбой в тестовой системе оповещения без влияния на производство,Аппаратный сбой,Низкий
Фишинг для получения доступа к платформе стейкхолдеров,Нарушение безопасности,Средний
Отказ в системе расчета налога на транспорт для автопарка,Сбой приложения,Средний
Утрата пакетов в сети при передаче телеметрических данных,Ухудшение сервиса,Средний
Отказ в системе контроля дизайн-проектов,Сбой приложения,Средний
Поломка модема для спутниковой связи на удаленном объекте,Аппаратный сбой,Высокий
Незаконное изменение скриптов развертывания,Нарушение безопасности,Высокий
Отсутствие обновлений статуса оборудования в мониторинге,Ухудшение сервиса,Средний
Поломка системы охлаждения в серверной комнате,Аппаратный сбой,Высокий
Потеря корпоративного мобильного устройства с доступом к почте,Нарушение безопасности,Средний
Замедленная загрузка страниц внутреннего портала,Ухудшение сервиса,Низкий
Отказ службы каталогов (Active Directory),Сбой приложения,Высокий
Физическое повреждение кабеля локальной сети в коридоре,Аппаратный сбой,Низкий
Отказ кнопки "Заказать звонок" на веб-сайте,Сбой приложения,Низкий
Выявление spyware на компьютере менеджера по продажам,Нарушение безопасности,Средний
Перегрузка канала связи с филиалом,Ухудшение сервиса,Средний
Отказ системы учета на складе,Сбой приложения,Высокий
Поломка дискового массива RAID,Аппаратный сбой,Высокий
Подозрительная активность в сети с рабочей станции,Нарушение безопасности,Высокий
Отказ в отправке автоматических email-уведомлений,Сбой приложения,Средний
Отказ факсимильной связи,Сбой приложения,Низкий
Скачок напряжения повредивший источник бесперебойного питания,Аппаратный сбой,Средний
Утечка паролей сотрудников в публичный доступ,Нарушение безопасности,Высокий
Задержки в отображении актуальных данных в системе отчетности,Ухудшение сервиса,Средний
Отказ системы онлайн-записи на прием,Сбой приложения,Средний
Поломка проектора в комнате для переговоров,Аппаратный сбой,Низкий
Блокировка аккаунтов пользователей от brute-force атак,Нарушение безопасности,Средний
Периодические прерывания VPN для удаленных сотрудников,Потеря связи,Средний
Отказ системы управления проектами,Сбой приложения,Низкий
Заполнение дискового пространства на сервере почты,Ухудшение сервиса,Высокий
Поломка кассового терминалаин тегрированного с системой,Аппаратный сбой,Высокий
Незаконная установка программного обеспечения на сервер,Нарушение безопасности,Высокий
Отказ в обновлении контента на главной странице сайта,Сбой приложения,Низкий
Поломка системы аварийного энергоснабжения,Аппаратный сбой,Высокий
Перехват трафика в открытой Wi-Fi сети офиса,Нарушение безопасности,Средний
Сильная фрагментация базы данных вызывающая замедления,Ухудшение сервиса,Средний
Отказ мобильного приложения для сотрудников,Сбой приложения,Средний
Обрыв оптоволоконной линии связи,Потеря связи,Высокий
Отказ системы бухгалтерского учета,Сбой приложения,Высокий
Перегрев и снижение тактовой частоты процессоров на сервере,Аппаратный сбой,Высокий
Компрометация аккаунта с повышенными привилегиями,Нарушение безопасности,Высокий
Отказ голосового ассистента на сайте,Сбой приложения,Низкий
Высокий пинг в играх на корпоративной сети мешающий работе,Ухудшение сервиса,Низкий
Отказ системы проведения вебинаров,Сбой приложения,Средний
Поломка точки доступа Wi-Fi в холле,Аппаратный сбой,Низкий
Adware в браузерах сотрудников,Нарушение безопасности,Низкий
Разрыв сетевого соединения с системой видеоконференций,Потеря связи,Средний
Ошибка 500 на корпоративном портале при загрузке документов,Сбой приложения,Средний
Поломка вентилятора в сервере,Аппаратный сбой,Средний
Фальшивый корпоративный сайт,Нарушение безопасности,Высокий
Расхождение времени на серверах,Ухудшение сервиса,Средний
Отказ калькулятора на сайте,Сбой приложения,Низкий
Затопление серверной от протечки кондиционера,Аппаратный сбой,Высокий
Несанкционированный доступ к облачной базе данных из-за утечки ключей,Нарушение безопасности,Высокий
Замедленная работа с удаленным рабочим столом,Ухудшение сервиса,Средний
Отказ чат-бота техподдержки,Сбой приложения,Низкий
Поломка коммутатора в производственном цехе,Аппаратный сбой,Высокий
Атака "man-in-the-middle" в локальной сети,Нарушение безопасности,Высокий
Проблемы с загрузкой графических элементов в веб-приложении,Ухудшение сервиса,Низкий
Отказ системы управления персоналом (расчет зарплат),Сбой приложения,Высокий
Поломка системы хранения данных,Аппаратный сбой,Высокий
Заражение криптомайнером на сервере разработки,Нарушение безопасности,Средний
Потеря голоса в IP-телефонии,Ухудшение сервиса,Средний
Отказ формы обратной связи на landing page,Сбой приложения,Низкий
Скачок напряжения вызвавший потерю данных на нескольких ПК,Аппаратный сбой,Средний
Социальная инженерия: сотрудник раскрыл логин и пароль злоумышленнику,Нарушение безопасности,Высокий
Задержки в доставке push-уведомлений,Ухудшение сервиса,Низкий
Отказ системы тестирования ПО,Сбой приложения,Низкий
Поломка контроллера домена,Сбой приложения,Высокий
Кража ноутбука из комнаты переговоров,Нарушение безопасности,Высокий
Высокая задержка в сети при использовании RDP,Ухудшение сервиса,Средний
Отказ системы SMS-уведомлений клиентов,Сбой приложения,Средний
Поломка системы пожаротушения в центре обработки данных,Аппаратный сбой,Высокий
SQL-инъекция в корпоративном веб-приложении,Нарушение безопасности,Высокий
"Синий экран смерти" на нескольких одинаковых рабочих станциях,Аппаратный сбой,Средний
Отказ в обновлении ПО на терминалах,Ухудшение сервиса,Средний
Отказ геолокационного сервиса для курьеров,Сбой приложения,Высокий
Отключение электричества в дата-центре,Аппаратный сбой,Высокий
Незаконное изменение DNS-записей,Нарушение безопасности,Высокий
Частые прерывания связи с облачным хостингом,Потеря связи,Средний
Отказ интеграции между CRM и телефонией,Сбой приложения,Высокий
Поломка модема для резервного канала связи,Аппаратный сбой,Средний
Утечка внутренних переписок сотрудников в интернет,Нарушение безопасности,Высокий
Отказ кнопки "Поделиться" в корпоративном блоге,Сбой приложения,Низкий
Поломка системы охлаждения CPU на сервере базы данных,Аппаратный сбой,Высокий
Проникновение в сеть через уязвимость в интерфейсе принтера,Нарушение безопасности,Средний
Ошибка округления в финансовых отчетах,Сбой приложения,Средний
Дрожание изображения на мониторах из-за сетевых проблем,Ухудшение сервиса,Низкий
Отказ модуля расчета зарплаты,Сбой приложения,Высокий
Разряд статического электричества повредивший материнскую плату,Аппаратный сбой,Средний
Утечка данных о переговорах от подслушивающего устройства,Нарушение безопасности,Высокий
Задержка синхронизации между кэшем и основной базой данных,Ухудшение сервиса,Средний
Отказ системы напоминаний о встречах в календаре,Сбой приложения,Низкий
Обрыв оптоволокна от строительных работ,Потеря связи,Высокий
Отказ системы управления лабораторным оборудованием,Сбой приложения,Высокий
Поломка системы рециркуляции воздуха в серверной,Аппаратный сбой,Средний
Компрометация сессионных cookies на корпоративном портале,Нарушение безопасности,Высокий
Замедленная работа графического редактора на мощных станциях,Ухудшение сервиса,Низкий
Отказ автозаполнения форм в CRM,Сбой приложения,Низкий
Короткое замыкание в патч-панели,Аппаратный сбой,Средний
Рассылка спама с корпоративных email-аккаунтов,Нарушение безопасности,Средний
Высокий джиттер в голосовой связи,Ухудшение сервиса,Средний
Отказ системы управления аттестациями,Сбой приложения,Средний
Поломка датчика температуры в серверной стойке,Аппаратный сбой,Средний
Фальшивые аккаунты в системе корпоративного обмена сообщениями,Нарушение безопасности,Низкий
Отказ в обновлении интерактивной карты на сайте,Сбой приложения,Низкий
Разрыв связи с удаленным объектом от сбоя спутниковой связи,Потеря связи,Средний
Отказ системы управления испытаниями,Сбой приложения,Высокий
Поломка платы расширения на сервере,Аппаратный сбой,Средний
Кибератака на систему управления умным зданием (отопление свет),Нарушение безопасности,Средний
Долгая буферизация видео в системе корпоративного обучения,Ухудшение сервиса,Низкий
Отказ системы голосования на внутреннем портале,Сбой приложения,Низкий
Перегрузка стабилизатора напряжения,Аппаратный сбой,Средний
Утечка метаданных из документов отправляемых клиентам,Нарушение безопасности,Средний
Отказ системы управления сертификатами,Сбой приложения,Средний
Непреднамеренное изменение маршрутов в сетевой конфигурации,Ухудшение сервиса,Высокий
Проблемы с загрузкой шрифтов в корпоративном редакторе,Сбой приложения,Низкий
Поломка системы контроля протечек воды в центре обработки данных,Аппаратный сбой,Высокий
Выявление нелицензионного ПО на сервере,Нарушение безопасности,Средний
Зависание системы при большом количестве одновременных пользователей,Ухудшение сервиса,Высокий
Отказ системы учета инвентаря,Сбой приложения,Средний
Поломка резервного генератора при тесте,Аппаратный сбой,Высокий
Фишинговая атака на отдел разработки,Нарушение безопасности,Высокий
Отказ системы преобразования текста в речь,Сбой приложения,Низкий
Утрата пакетов при передаче данных в реальном времени,Ухудшение сервиса,Средний
Отказ системы управления проектной документацией,Сбой приложения,Высокий
Поломка модема для резервного 4G-соединения,Аппаратный сбой,Средний
Незаконное изменение конфигурации виртуальной машины,Нарушение безопасности,Средний
Отсутствие обновлений статуса задач в системе управления проектами,Ухудшение сервиса,Низкий
Отказ системы проверки на плагиат,Сбой приложения,Низкий
Перехват сигнала беспроводной клавиатуры,Нарушение безопасности,Средний
Задержка в получении данных от IoT-датчиков,Ухудшение сервиса,Средний
Отказ системы управления арендой,Сбой приложения,Средний
Поломка системы звукового оповещения,Аппаратный сбой,Средний
Утечка логики бизнес-процессов через публичный репозиторий,Нарушение безопасности,Высокий
Отказ системы управления отзывами клиентов,Сбой приложения,Низкий
Зависание ПК при подключении к VPN,Ухудшение сервиса,Средний
Отказ системы управления логистикой,Сбой приложения,Высокий
Поломка системы мониторинга энергопотребления,Аппаратный сбой,Низкий
Атака с использованием сайта-двойника для сервиса авторизации,Нарушение безопасности,Высокий
Отказ системы расчета рейтингов сотрудников,Сбой приложения,Средний
Разрыв связи с системой управления складскими роботами,Потеря связи,Высокий
Отказ системы управления франшизой,Сбой приложения,Высокий
Поломка ИБП для системы хранения данных,Аппаратный сбой,Высокий
Утечка данных о внутренних тестах продукта,Нарушение безопасности,Средний
Отказ системы управления корпоративными событиями,Сбой приложения,Низкий
Задержка в обновлении информации на офисных табло,Ухудшение сервиса,Низкий
Отказ системы управления политиками доступа,Сбой приложения,Высокий
Поломка системы очистки воздуха от пыли в серверной,Аппаратный сбой,Средний
Выявление backdoor в прошивке сетевого устройства,Нарушение безопасности,Высокий
Отказ системы управления корпоративными стандартами,Сбой приложения,Низкий
Непреднамеренное удаление раздела на файловом сервере,Ухудшение сервиса,Высокий
Проблемы с загрузкой превью документов в системе,Сбой приложения,Низкий
Поломка системы резервного копирования на ленточную библиотеку,Аппаратный сбой,Средний
Компрометация корпоративного аккаунта в LinkedIn,Нарушение безопасности,Средний
Отказ системы управления идеями сотрудников,Сбой приложения,Низкий
Разрыв связи с системой управления цифровыми вывесками,Потеря связи,Средний
Отказ системы управления безопасностью полетов (для авиакомпании),Сбой приложения,Высокий
Поломка системы вакуумного охлаждения,Аппаратный сбой,Высокий
Утечка данных о стратегических планах компании,Нарушение безопасности,Высокий
Отказ системы управления корпоративной социальной сетью,Сбой приложения,Низкий
Зависание системы при обработке больших файлов,Ухудшение сервиса,Средний
Отказ в платформе для контроля дистрибьюторской сети,Сбой приложения,Высокий
Поломка системы мониторинга уровня шума в дата-центре,Аппаратный сбой,Низкий
Кибератака на платформу управления медицинскими данными,Нарушение безопасности,Высокий
Отказ в системе подсчета дней отпуска,Сбой приложения,Средний
Разрыв связи с платформой управления транспортными средствами,Потеря связи,Высокий
Отказ в системе контроля выставочных стендов,Сбой приложения,Средний
Поломка системы охлаждения жидкостью,Аппаратный сбой,Высокий
Незаконный доступ к платформе корпоративных праздников,Нарушение безопасности,Низкий
Отказ в системе управления библиотекой,Сбой приложения,Низкий
Задержки в обмене данными между модулями ERP,Ухудшение сервиса,Высокий
Отказ в платформе для управления рекламными площадями,Сбой приложения,Средний
Поломка биометрической системы доступа по отпечатку,Аппаратный сбой,Средний
Утечка информации о производительности сотрудников,Нарушение безопасности,Средний
Отказ в системе работы со стейкхолдерами,Сбой приложения,Низкий
Непреднамеренное шифрование файлов законным ПО,Ухудшение сервиса,Средний
Проблемы с загрузкой иконок в интерфейсе кастомного ПО,Сбой приложения,Низкий
Поломка системы мониторинга температуры процессоров,Аппаратный сбой,Средний
Фишинг с применением deepfake голоса,Нарушение безопасности,Высокий
Отказ в платформе для управления инновациями,Сбой приложения,Низкий
Разрыв связи с платформой контроля качества воды в ЖКХ,Потеря связи,Высокий
Отказ в системе управления телеком-оборудованием,Сбой приложения,Высокий
Поломка системы экстренного отключения питания,Аппаратный сбой,Высокий
Утечка клиентских данных через мобильное приложение,Нарушение безопасности,Высокий
Отказ в системе корпоративной этики,Сбой приложения,Низкий
Зависание при параллельном доступе к одному документу,Ухудшение сервиса,Средний
Отказ сканера на рабочем месте секретаря,Сбой приложения,Низкий
Полный сбой коммутатора в ядре сети,Аппаратный сбой,Высокий
Выявление ботнета на группе рабочих станций,Нарушение безопасности,Высокий
Проблемы синхронизации данных между головным офисом и филиалом,Сбой приложения,Средний
Постоянные интерференции в VoIP-связи,Ухудшение сервиса,Средний
Отказ в системе заказов из-за чего клиенты не могут оформить покупку,Сбой приложения,Высокий
Поломка вентиляции в серверной стойке,Аппаратный сбой,Высокий
Утечка данных платежных карт через взломанную базу,Нарушение безопасности,Высокий
Задержки в обработке транзакций банковской системы,Ухудшение сервиса,Высокий
Отказ электронной очереди в клиентском отделе,Сбой приложения,Средний
Физический разрыв кабеля между зданиями,Потеря связи,Средний
Отказ в системе бронирования номеров отеля,Сбой приложения,Высокий
Поломка блока питания в файловом сервере,Аппаратный сбой,Средний
Баннер на внутреннем портале ведет на фишинговый сайт,Нарушение безопасности,Средний
Зависание при генерации сложного отчета,Ухудшение сервиса,Низкий
Отказ автодозвона в колл-центре,Сбой приложения,Средний
Затопление дата-центра от прорыва трубы,Аппаратный сбой,Высокий
Компрометация SSH-ключа для критических серверов,Нарушение безопасности,Высокий
Перегрузка канала связи от несанкционированных скачиваний,Ухудшение сервиса,Средний
Отсутствие обновлений в интерфейсе управления виртуальными машинами,Сбой приложения,Средний
Разрыв связи с удаленным складом из-за грозы,Потеря связи,Средний
Рассылка фишинговых писем от имени службы поддержки,Нарушение безопасности,Средний
Потеря пакетов при трансляции видео с камер наблюдения,Ухудшение сервиса,Средний
Сбой в работе программы лояльности,Сбой приложения,Средний
Выход из строя датчика дыма в серверной,Аппаратный сбой,Высокий
Самопроизвольное создание ложных задач в системе управления проектами,Нарушение безопасности,Низкий
Неактуальные котировки акций на финансовом портале,Сбой приложения,Низкий
Обрыв связи с удаленными датчиками температуры на складе,Потеря связи,Средний
Сбой в системе управления полиграфическим оборудованием,Сбой приложения,Высокий
Выход из строя платы сетевого хранилища,Аппаратный сбой,Средний
Кибератака на систему управления уличным освещением,Нарушение безопасности,Средний
Долгая загрузка панорамных изображений на сайте недвижимости,Ухудшение сервиса,Низкий
Сбой в системе проведения опросов для сотрудников,Сбой приложения,Низкий
Перегрев коммутационной панели из-за плохой вентиляции,Аппаратный сбой,Низкий
Утечка данных исследований через уязвимость в системе совместной работы,Нарушение безопасности,Высокий
Сбой в системе управления архитектурой предприятия,Сбой приложения,Низкий
Ошибочная блокировка легитимного трафика межсетевым экраном,Ухудшение сервиса,Высокий
Проблемы с загрузкой аватарок в корпоративной соцсети,Сбой приложения,Низкий
Поломка системы мониторинга вибраций в серверной стойке,Аппаратный сбой,Низкий
Обнаружение кейлоггера на компьютере финансового директора,Нарушение безопасности,Высокий
Зависание системы при экспорте больших объемов данных,Ухудшение сервиса,Средний
Сбой в системе обработки заявок в службу поддержки,Сбой приложения,Средний
Неисправность в тестовой системе оповещений,Аппаратный сбой,Низкий
Фишинг для получения доступа к порталу стейкхолдеров,Нарушение безопасности,Средний
Сбой в системе расчета транспортного налога для автопарка,Сбой приложения,Средний
Потеря пакетов при передаче телеметрии,Ухудшение сервиса,Средний
Сбой в системе управления дизайн-проектами,Сбой приложения,Средний
Поломка спутникового модема на удаленном объекте,Аппаратный сбой,Высокий
Несанкционированное изменение скриптов развертывания,Нарушение безопасности,Высокий
Не обновляется статус оборудования в системе мониторинга,Ухудшение сервиса,Средний
Выход из строя системы кондиционирования в серверной,Аппаратный сбой,Высокий
Утрата корпоративного мобильного устройства с доступом к почте,Нарушение безопасности,Средний
Медленная работа страниц внутреннего портала,Ухудшение сервиса,Низкий
Сбой службы каталогов (Active Directory),Сбой приложения,Высокий
Механическое повреждение сетевого кабеля,Аппаратный сбой,Низкий
Не работает кнопка "Заказать звонок" на сайте,Сбой приложения,Низкий
Обнаружение шпионского ПО на компьютере менеджера по продажам,Нарушение безопасности,Средний
Перегрузка канала связи с филиалом,Ухудшение сервиса,Средний
Сбой системы складского учета,Сбой приложения,Высокий
Выход из строя массива RAID,Аппаратный сбой,Высокий
Подозрительная активность в сети с рабочей станции,Нарушение безопасности,Высокий
Сбой в отправке автоматических email-оповещений,Сбой приложения,Средний
Неисправность факсимильной связи,Сбой приложения,Низкий
Скачок напряжения повредивший ИБП,Аппаратный сбой,Средний
Публикация паролей сотрудников в открытом доступе,Нарушение безопасности,Высокий
Задержка в отображении данных в системе отчетности,Ухудшение сервиса,Средний
Сбой системы онлайн-записи,Сбой приложения,Средний
Поломка проектора в переговорной комнате,Аппаратный сбой,Низкий
Блокировка учетных записей из-за атак перебором,Нарушение безопасности,Средний
Нестабильное VPN-соединение для удаленных сотрудников,Потеря связи,Средний
Сбой системы управления проектами,Сбой приложения,Низкий
Переполнение дискового пространства на почтовом сервере,Ухудшение сервиса,Высокий
Поломка кассового терминала,Аппаратный сбой,Высокий
Неавторизированная установка ПО на сервер,Нарушение безопасности,Высокий
Сбой в обновлении контента на главной странице сайта,Сбой приложения,Низкий
Выход из строя системы аварийного питания,Аппаратный сбой,Высокий
Перехват трафика в гостевой Wi-Fi сети офиса,Нарушение безопасности,Средний
Сильная фрагментация базы данных приводящая к замедлениям,Ухудшение сервиса,Средний
Сбой мобильного приложения для сотрудников,Сбой приложения,Средний
Обрыв магистрального оптоволоконного канала,Потеря связи,Высокий
Сбой системы бухгалтерского учета,Сбой приложения,Высокий
Перегрев и троттлинг процессоров на сервере,Аппаратный сбой,Высокий
Компрометация учетной записи с привилегированным доступом,Нарушение безопасности,Высокий
Неисправность голосового помощника на сайте,Сбой приложения,Низкий
Высокая задержка в корпоративной сети мешающая работе,Ухудшение сервиса,Низкий
Сбой системы проведения вебинаров,Сбой приложения,Средний
Поломка точки доступа Wi-Fi в холле,Аппаратный сбой,Низкий
Рекламное ПО в браузерах сотрудников,Нарушение безопасности,Низкий
Разрыв соединения с системой видеоконференцсвязи,Потеря связи,Средний
Ошибка 500 при загрузке документов на корпоративном портале,Сбой приложения,Средний
Выход из строя вентилятора в сервере,Аппаратный сбой,Средний
Создание фишинговой копии корпоративного сайта,Нарушение безопасности,Высокий
Рассинхронизация времени на серверах,Ухудшение сервиса,Средний
Не работает калькулятор на сайте,Сбой приложения,Низкий
Затопление серверной из-за протечки кондиционера,Аппаратный сбой,Высокий
Несанкционированный доступ к облачной БД из-за утечки ключей,Нарушение безопасности,Высокий
Медленная работа удаленного рабочего стола,Ухудшение сервиса,Средний
Сбой чат-бота службы поддержки,Сбой приложения,Низкий
Поломка коммутатора в цехе,Аппаратный сбой,Высокий
Атака "человек посередине" в локальной сети,Нарушение безопасности,Высокий
Проблемы с отображением графики в веб-приложении,Ухудшение сервиса,Низкий
Сбой системы расчета заработной платы,Сбой приложения,Высокий
Выход из строя системы хранения данных,Аппаратный сбой,Высокий
Заражение крипто-майнером на сервере разработки,Нарушение безопасности,Средний
Пропажа звука в IP-телефонии,Ухудшение сервиса,Средний
Не работает форма обратной связи на лендинге,Сбой приложения,Низкий
Скачок напряжения приведший к потере данных на ПК,Аппаратный сбой,Средний
Раскрытие учетных данных сотрудником в результате социальной инженерии,Нарушение безопасности,Высокий
Задержки в доставке push-уведомлений,Ухудшение сервиса,Низкий
Сбой системы тестирования ПО,Сбой приложения,Низкий
Выход из строя контроллера домена,Сбой приложения,Высокий
Кража ноутбука из переговорной,Нарушение безопасности,Высокий
Высокие задержки при использовании RDP,Ухудшение сервиса,Средний
Сбой системы SMS-информирования клиентов,Сбой приложения,Средний
Поломка системы пожаротушения в ЦОД,Аппаратный сбой,Высокий
SQL-инъекция в корпоративном веб-приложении,Нарушение безопасности,Высокий
"Синий экран" на нескольких рабочих станциях,Аппаратный сбой,Средний
Сбой в обновлении ПО на терминалах,Ухудшение сервиса,Средний
Сбой геолокационного сервиса для курьеров,Сбой приложения,Высокий
Отключение электропитания в дата-центре,Аппаратный сбой,Высокий
Несанкционированное изменение DNS-записей,Нарушение безопасности,Высокий
Частые обрывы связи с облачным хостингом,Потеря связи,Средний
Сбой интеграции между CRM и телефонией,Сбой приложения,Высокий
Поломка модема для резервного канала,Аппаратный сбой,Средний
Утечка внутренней переписки сотрудников в сеть,Нарушение безопасности,Высокий
Не работает кнопка "Поделиться" в корпоративном блоге,Сбой приложения,Низкий
Выход из строя системы охлаждения ЦП на сервере БД,Аппаратный сбой,Высокий
Проникновение в сеть через уязвимость сетевого принтера,Нарушение безопасности,Средний
Ошибка округления в финансовых отчетах,Сбой приложения,Средний
Дрожание изображения на мониторах,Ухудшение сервиса,Низкий
Сбой модуля расчета зарплаты,Сбой приложения,Высокий
Повреждение материнской платы статическим электричеством,Аппаратный сбой,Средний
Утечка переговоров через подслушивающее устройство,Нарушение безопасности,Высокий
Задержка синхронизации кэша и основной БД,Ухудшение сервиса,Средний
Сбой системы напоминаний о встречах,Сбой приложения,Низкий
Обрыв оптоволокна из-за строительных работ,Потеря связи,Высокий
Сбой системы управления лабораторным оборудованием,Сбой приложения,Высокий
Поломка системы вентиляции в серверной,Аппаратный сбой,Средний
Компрометация сессионных файлов на корпоративном портале,Нарушение безопасности,Высокий
Медленная работа графического редактора,Ухудшение сервиса,Низкий
Не работает автозаполнение в CRM,Сбой приложения,Низкий
Короткое замыкание в патч-панели,Аппаратный сбой,Средний
Рассылка спама с корпоративных email-ящиков,Нарушение безопасности,Средний
Сильный джиттер в голосовой связи,Ухудшение сервиса,Средний
Сбой системы управления аттестациями,Сбой приложения,Средний
Выход из строя датчика температуры в серверной стойке,Аппаратный сбой,Средний
Фейковые аккаунты в корпоративном мессенджере,Нарушение безопасности,Низкий
Сбой в обновлении интерактивной карты на сайте,Сбой приложения,Низкий
Разрыв спутниковой связи с удаленным объектом,Потеря связи,Средний
Сбой системы управления испытаниями,Сбой приложения,Высокий
Выход из строя платы расширения сервера,Аппаратный сбой,Средний
Кибератака на систему умного здания,Нарушение безопасности,Средний
Долгая буферизация видео в системе обучения,Ухудшение сервиса,Низкий
Сбой системы голосования на портале,Сбой приложения,Низкий
Перегрузка стабилизатора напряжения,Аппаратный сбой,Средний
Утечка метаданных из документов для клиентов,Нарушение безопасности,Средний
Сбой системы управления сертификатами,Сбой приложения,Средний
Ошибочное изменение сетевых маршрутов,Ухудшение сервиса,Высокий
Проблемы с загрузкой шрифтов в редакторе,Сбой приложения,Низкий
Поломка системы контроля протечек воды в ЦОД,Аппаратный сбой,Высокий
Обнаружение нелицензионного ПО на сервере,Нарушение безопасности,Средний
Зависание системы при высокой нагрузке,Ухудшение сервиса,Высокий
Сбой системы учета инвентаря,Сбой приложения,Средний
Отказ резервного генератора при проверке,Аппаратный сбой,Высокий
Фишинговая атака на отдел разработки,Нарушение безопасности,Высокий
Сбой системы преобразования текста в речь,Сбой приложения,Низкий
Потеря пакетов при передаче данных в реальном времени,Ухудшение сервиса,Средний
Сбой системы управления проектной документацией,Сбой приложения,Высокий
Поломка резервного 4G-модема,Аппаратный сбой,Средний
Несанкционированное изменение конфигурации ВМ,Нарушение безопасности,Средний
Не обновляется статус задач в системе управления проектами,Ухудшение сервиса,Низкий
Сбой системы проверки на плагиат,Сбой приложения,Низкий
Перехват сигнала беспроводной клавиатуры,Нарушение безопасности,Средний
Задержка данных с IoT-датчиков,Ухудшение сервиса,Средний
Сбой системы управления арендой,Сбой приложения,Средний
Поломка системы звукового оповещения,Аппаратный сбой,Средний
Утечка бизнес-логики через публичный репозиторий,Нарушение безопасности,Высокий
Сбой системы управления отзывами,Сбой приложения,Низкий
Зависание ПК при подключении к VPN,Ухудшение сервиса,Средний
Сбой системы управления логистикой,Сбой приложения,Высокий
Поломка системы мониторинга энергопотребления,Аппаратный сбой,Низкий
Атака с использованием фишинговой копии сервиса авторизации,Нарушение безопасности,Высокий
Сбой системы расчета рейтингов сотрудников,Сбой приложения,Средний
Обрыв связи с системой управления складскими роботами,Потеря связи,Высокий
Сбой системы управления франшизой,Сбой приложения,Высокий
Выход из строя ИБП для системы хранения,Аппаратный сбой,Высокий
Утечка данных о внутреннем тестировании продукта,Нарушение безопасности,Средний
Сбой системы управления корпоративными событиями,Сбой приложения,Низкий
Задержка обновления информации на информационных табло,Ухудшение сервиса,Низкий
Сбой системы управления политиками доступа,Сбой приложения,Высокий
Поломка системы очистки воздуха в серверной,Аппаратный сбой,Средний
Обнаружение бэкдора в прошивке сетевого устройства,Нарушение безопасности,Высокий
Сбой системы управления корпоративными стандартами,Сбой приложения,Низкий
Случайное удаление раздела на файловом сервере,Ухудшение сервиса,Высокий
Проблемы с загрузкой превью документов,Сбой приложения,Низкий
Поломка системы резервного копирования на ленты,Аппаратный сбой,Средний
Компрометация корпоративного аккаунта в LinkedIn,Нарушение безопасности,Средний
Сбой системы управления идеями,Сбой приложения,Низкий
Разрыв связи с системой управления цифровыми вывесками,Потеря связи,Средний
Сбой системы управления безопасностью полетов,Сбой приложения,Высокий
Выход из строя системы вакуумного охлаждения,Аппаратный сбой,Высокий
Утечка данных о стратегических планах компании,Нарушение безопасности,Высокий
Сбой корпоративной социальной сети,Сбой приложения,Низкий
Зависание системы при обработке больших файлов,Ухудшение сервиса,Средний
Сбой платформы контроля дистрибьюторской сети,Сбой приложения,Высокий
Поломка системы мониторинга уровня шума,Аппаратный сбой,Низкий
Кибератака на платформу управления медицинскими данными,Нарушение безопасности,Высокий
Сбой в системе учета отпусков,Сбой приложения,Средний
Разрыв связи с системой управления транспортом,Потеря связи,Высокий
Сбой системы контроля выставочных стендов,Сбой приложения,Средний
Выход из строя системы жидкостного охлаждения,Аппаратный сбой,Высокий
Несанкционированный доступ к системе корпоративных праздников,Нарушение безопасности,Низкий
Сбой системы управления библиотекой,Сбой приложения,Низкий
Задержки в обмене данными в ERP-системе,Ухудшение сервиса,Высокий
Сбой платформы управления рекламными площадями,Сбой приложения,Средний
Поломка биометрической системы доступа,Аппаратный сбой,Средний
Утечка данных о производительности сотрудников,Нарушение безопасности,Средний
Сбой системы работы со стейкхолдерами,Сбой приложения,Низкий
Случайное шифрование файлов легитимным ПО,Ухудшение сервиса,Средний
Проблемы с загрузкой иконок в кастомном ПО,Сбой приложения,Низкий
Поломка системы мониторинга температуры ЦП,Аппаратный сбой,Средний
Фишинг с использованием глубокого фейка голоса,Нарушение безопасности,Высокий
Сбой платформы управления инновациями,Сбой приложения,Низкий
Разрыв связи с системой контроля качества воды,Потеря связи,Высокий
Сбой системы управления телеком-оборудованием,Сбой приложения,Высокий
Выход из строя системы аварийного отключения питания,Аппаратный сбой,Высокий
Утечка клиентских данных через мобильное приложение,Нарушение безопасности,Высокий
Сбой системы корпоративной этики,Сбой приложения,Низкий
Зависание при одновременном доступе к документу,Ухудшение сервиса,Средний
Сбой сканера на рабочем месте,Сбой приложения,Низкий
Обнаружение ботнета на группе рабочих станций,Нарушение безопасности,Высокий
Проблемы синхронизации данных между офисами,Сбой приложения,Средний
Постоянные помехи в VoIP-связи,Ухудшение сервиса,Средний
Сбой системы заказов,Сбой приложения,Высокий
Выход из строя вентиляции в серверной стойке,Аппаратный сбой,Высокий
Утечка данных платежных карт,Нарушение безопасности,Высокий
Задержки в обработке банковских транзакций,Ухудшение сервиса,Высокий
Сбой системы электронной очереди,Сбой приложения,Средний
Обрыв кабеля между зданиями,Потеря связи,Средний
Сбой системы бронирования отеля,Сбой приложения,Высокий
Выход из строя блока питания файлового сервера,Аппаратный сбой,Средний
Фишинговые ссылки на внутреннем портале,Нарушение безопасности,Средний
Зависание при создании сложного отчета,Ухудшение сервиса,Низкий
Сбой функции автодозвона в колл-центре,Сбой приложения,Средний
Затопление ЦОД из-за прорыва трубы,Аппаратный сбой,Высокий
Компрометация SSH-ключей для критичных серверов,Нарушение безопасности,Высокий
Перегрузка канала из-за несанкционированных загрузок,Ухудшение сервиса,Средний
Не обновляется интерфейс управления ВМ,Сбой приложения,Средний
Разрыв связи со складом из-за грозы,Потеря связи,Средний